campaign_id,platform,date,impressions,clicks,conversions,spend,revenue,bounce_rate,discount_applied,email_variant,keyword,product_purchased,sentiment_score,channel,customer_id,acquisition_cost,funnel_stage,session_duration_sec
CAMPAIGN_1,LinkedIn,2025-03-26,38220,1680,736,4711.55,6537.18,51.42,30,B,best deals,Charger,-0.67,Search Engine,8354f769-bb53-435f-aa88-e25adf3577d5,164.25,Checkout,368
CAMPAIGN_2,Google Ads,2024-08-27,27646,2920,603,8376.38,15113.11,25.91,40,B,discount laptops,Backpack,0.47,Social Media,7884a813-f426-47f0-8312-1eeecfe5a3c8,177.62,Purchase,449
CAMPAIGN_3,Twitter,2024-07-27,39649,1210,1256,2434.34,5532.76,47.96,20,A,discount laptops,Charger,-0.58,Referral,66d5b01a-5a36-43ca-938f-08657ccabcfb,21.91,Landing,598
CAMPAIGN_4,Google Ads,2025-02-02,24049,808,999,7782.4,10883.21,83.71,20,B,best deals,Shoes,-0.88,Search Engine,ef3e3d34-1732-434a-8685-6097485628fd,109.98,Add to Cart,475
CAMPAIGN_5,Google Ads,2024-11-19,15069,2996,381,4112.57,14613.35,76.56,40,B,latest gadgets,Backpack,0.1,Direct,09ac4eeb-14fe-4d75-a27c-993df9c737bf,183.08,Add to Cart,455
CAMPAIGN_6,Instagram,2024-08-19,33580,292,944,6058.37,2337.29,35.12,20,None,best deals,Laptop,0.19,Search Engine,96e43e47-5223-4034-bab5-1331175f8f5e,80.65,Checkout,497
CAMPAIGN_7,Twitter,2025-07-24,32843,2640,1004,6362.15,13768.9,52.66,30,A,new phones,Headphones,0.74,Referral,ef2c2fa9-8182-41d4-a5ee-f3ec7d21bf55,166.77,Purchase,539
CAMPAIGN_8,Twitter,2024-09-25,3849,1113,411,3791.2,2019.04,77.17,10,A,latest gadgets,Shoes,0.15,Direct,287deeee-130a-4689-9f92-df2d06f57e27,31.07,Signup,82
CAMPAIGN_9,Twitter,2025-07-20,41158,278,1476,5174.89,19309.57,24.72,20,A,buy shoes,Laptop,-0.31,Search Engine,9ddc2cd1-731d-4c36-94e4-0a39041821c4,187.4,Purchase,26
CAMPAIGN_10,Google Ads,2025-03-26,24289,2645,624,4189.01,9870.2,47.12,20,A,best deals,Laptop,0.61,Social Media,99bee9f3-9202-46be-9b49-661cad254a81,151.53,Landing,540
CAMPAIGN_11,LinkedIn,2024-12-23,45690,969,1306,784.41,3183.39,79.63,40,A,new phones,Backpack,0.08,Email,b3cd51eb-6d92-4190-a58a-2d3808d4e793,188.56,Signup,335
CAMPAIGN_12,Twitter,2025-01-14,36257,1296,1192,4427.94,6979.2,48.27,30,B,latest gadgets,Phone,-0.84,Email,f3b166fc-f202-412b-baac-d02e73d23358,136.94,Add to Cart,555
CAMPAIGN_13,Email,2025-07-17,10823,55,1185,1064.19,8385.65,25.43,10,None,best deals,Phone,0.13,Social Media,1d9a02d4-535a-4302-9eac-629a89793a04,75.86,Checkout,211
CAMPAIGN_14,Google Ads,2024-08-09,42975,517,1004,4109.71,15212.06,57.98,40,A,discount laptops,Shoes,0.82,Email,b1faea54-eab8-4c1d-8c50-f4b4eebd01cb,187.95,Checkout,353
CAMPAIGN_15,Instagram,2025-05-19,10540,1805,629,5969.89,14919.79,80.32,40,None,best deals,Phone,-0.21,Email,9143e7af-c3f3-42ce-a5d3-84f7f58b76bd,58.74,Add to Cart,532
CAMPAIGN_16,LinkedIn,2024-09-08,17364,124,197,5836.21,12316.42,61.32,50,None,buy shoes,Laptop,-0.41,Social Media,3b0f8680-18f9-4e31-b5df-18d517c6f771,69.77,Landing,409
CAMPAIGN_17,Email,2024-10-31,5611,53,1131,6659.95,2297.43,35.84,30,B,best deals,Phone,-0.71,Social Media,f53ab385-7a72-4d5d-96bb-3f137f8c046a,141.66,Add to Cart,227
CAMPAIGN_18,Email,2024-10-23,28663,1920,140,1043.09,3201.07,46.9,10,A,latest gadgets,Charger,-0.7,Search Engine,e5faa8a4-fbdf-46a7-9ee9-0abbf884f8e7,154.24,Landing,454
CAMPAIGN_19,Instagram,2025-05-30,39646,695,814,6556.02,2056.39,51.51,30,B,latest gadgets,Phone,-0.13,Search Engine,1a6efaef-21c6-4dda-8ad7-82a64819e59b,186.23,Signup,231
CAMPAIGN_20,LinkedIn,2025-04-13,31977,167,1204,3190.27,11628.02,60.55,10,A,best deals,Laptop,0.19,Social Media,87c19318-fe3d-4e60-b421-f151416b3b10,44.94,Add to Cart,392
CAMPAIGN_21,Google Ads,2025-05-17,30168,2978,945,4050.55,17567.34,73.15,30,B,latest gadgets,Backpack,-0.84,Referral,20ceefa9-782a-40c0-a25e-3adb003cd53b,160.61,Landing,16
CAMPAIGN_22,Facebook,2025-07-16,26471,1679,995,8594.06,8789.25,26.92,40,None,discount laptops,Shoes,0.88,Email,7b3bc450-0372-43d5-b3ca-f478a126179d,149.02,Signup,281
CAMPAIGN_23,LinkedIn,2025-03-11,23687,2601,192,189.4,3384.79,82.28,40,A,best deals,Headphones,0.51,Search Engine,e1682458-4f85-4d5a-9949-d513d8342ffd,17.44,Add to Cart,25
CAMPAIGN_24,Instagram,2024-12-10,1851,2071,992,5925.29,11249.24,20.86,0,None,discount laptops,Phone,0.17,Email,32cf4849-5257-484b-8719-d41b7d92fe6e,80.51,Checkout,433
CAMPAIGN_25,Email,2025-04-01,19071,996,373,6027.27,16272.69,45.9,20,None,discount laptops,Laptop,0.66,Direct,a8afc211-51cd-454c-be3c-ff4428daff9c,60.14,Add to Cart,533
CAMPAIGN_26,Google Ads,2025-02-18,7833,2671,48,4026.93,14885.9,21.92,50,B,new phones,Headphones,-0.84,Social Media,13c38f1f-b56a-4aa8-9e33-4dc61084b75e,64.38,Purchase,30
CAMPAIGN_27,LinkedIn,2025-01-13,12938,1514,506,2446.58,17652.73,47.51,30,A,best deals,Headphones,-0.05,Referral,663f9a58-49d0-40b5-8103-60680d45e2a7,196.67,Add to Cart,237
CAMPAIGN_28,Facebook,2025-05-20,36195,243,1382,2423.27,5702.46,56.81,50,None,latest gadgets,Charger,0.26,Direct,9e921455-b452-4db3-ad5e-030da85c735a,130.34,Purchase,297
CAMPAIGN_29,Facebook,2025-02-09,27144,896,991,8848.73,4040.29,55.82,0,B,discount laptops,Headphones,0.66,Direct,404905d5-ae93-443f-8cc5-fb4b0519bf14,144.95,Signup,143
CAMPAIGN_30,Twitter,2025-04-25,5000,2812,930,4476.04,17620.37,31.59,20,A,new phones,Backpack,0.57,Direct,b7fbc9a1-3ba0-46ec-a173-d01121943f36,195.44,Add to Cart,292
CAMPAIGN_31,Twitter,2025-06-17,6052,1465,1430,3375.8,13219.69,65.2,30,A,best deals,Laptop,-0.45,Social Media,db03891f-787c-4c9b-9eb6-648e0c3d7b79,78.55,Signup,413
CAMPAIGN_32,Instagram,2025-05-29,36506,1508,731,4542.9,6356.39,23.13,10,None,best deals,Laptop,0.88,Search Engine,ce7545a5-ed49-4c8f-a339-ff3ed62d3ed4,161.36,Signup,75
CAMPAIGN_33,LinkedIn,2025-01-23,29074,2270,1194,6726.96,14898.49,73.33,20,A,buy shoes,Phone,-0.75,Social Media,f890edd5-8905-4d75-9da2-278beac1a14d,89.73,Landing,446
CAMPAIGN_34,LinkedIn,2024-12-14,39155,1718,25,1542.99,16339.34,86.27,40,None,buy shoes,Phone,0.75,Search Engine,598da9a6-54a1-4f0f-8dc3-2cca13649d65,174.56,Signup,268
CAMPAIGN_35,Email,2024-11-21,41770,2423,502,4549.39,12376.57,43.78,0,A,discount laptops,Phone,0.94,Direct,9c15cc02-1914-4d73-a122-3de63987f63d,40.23,Signup,112
CAMPAIGN_36,Email,2024-11-12,33320,1483,1459,5920.06,13820.11,56.21,20,B,buy shoes,Backpack,-0.65,Direct,1148a5ac-f766-4695-b65a-a8cd356b1eb1,189.8,Add to Cart,576
CAMPAIGN_37,Email,2025-05-23,39304,1191,1141,9490.98,7630.15,46.52,20,None,discount laptops,Headphones,0.44,Referral,bffc4fc7-c339-423c-8ff1-4512e115ebd6,47.66,Add to Cart,110
CAMPAIGN_38,Twitter,2024-12-31,47247,2933,903,2600.03,10866.17,20.47,40,None,latest gadgets,Headphones,-0.92,Search Engine,c207ec0b-dd0a-4269-891a-a9c483bf61fc,68.61,Checkout,207
CAMPAIGN_39,LinkedIn,2025-02-16,4913,1860,1483,3656.58,10578.35,47.01,30,A,discount laptops,Charger,-0.19,Direct,013098dc-3ddc-43fb-93da-9b34308ef632,152.46,Landing,235
CAMPAIGN_40,LinkedIn,2024-07-31,18450,773,320,3855.65,16991.35,75.42,10,A,buy shoes,Backpack,0.03,Email,f592a196-cb6b-4470-b713-6c3a83d5acff,81.78,Signup,472
CAMPAIGN_41,Facebook,2024-08-08,25107,274,748,6094.83,16831.29,61.72,40,None,latest gadgets,Phone,0.16,Referral,5bb3212e-8e78-4b59-82d5-05578c557fb8,123.6,Landing,246
CAMPAIGN_42,Twitter,2024-08-09,21764,581,1203,3631.65,16687.07,27.09,10,A,buy shoes,Shoes,0.87,Social Media,eed5c9a1-3653-4eb3-b7ea-3c7e92f4c420,91.69,Purchase,35
CAMPAIGN_43,Google Ads,2025-07-11,44404,162,555,5381.77,418.43,79.3,30,B,discount laptops,Charger,0.34,Referral,37901338-f837-4b76-8b7d-42e8433463ca,149.76,Signup,130
CAMPAIGN_44,Twitter,2024-09-23,21491,2237,423,7839.72,15041.0,57.18,20,A,new phones,Shoes,-0.04,Email,5fa03506-5ea7-4758-8eee-b90aef9b982c,49.52,Landing,515
CAMPAIGN_45,Google Ads,2024-10-24,39494,608,260,7083.32,15221.79,78.92,10,B,best deals,Headphones,0.62,Search Engine,57d0eaad-fa6a-41c6-9355-4159857dd9ce,16.4,Checkout,191
CAMPAIGN_46,Facebook,2025-03-06,4373,2098,768,4519.05,13631.9,60.62,0,B,buy shoes,Charger,0.9,Social Media,1e6cd133-7401-4235-894b-62096bf566fe,63.49,Checkout,552
CAMPAIGN_47,Instagram,2025-02-25,13161,2187,1174,8655.74,15174.04,59.18,0,B,discount laptops,Charger,-0.96,Social Media,8cf79a5e-cd70-4259-bcdb-c64d55ed43ca,97.49,Signup,324
CAMPAIGN_48,LinkedIn,2024-10-25,32996,703,1307,5625.59,16871.01,27.37,40,B,latest gadgets,Laptop,0.97,Search Engine,37484af3-770e-46fd-8d34-cd780b6b04d4,37.76,Purchase,282
CAMPAIGN_49,Facebook,2024-11-09,28122,369,1449,5445.07,9512.32,31.72,30,B,buy shoes,Headphones,-0.83,Referral,85c49ba7-2891-40c6-b384-c5d9e87d0ab6,74.19,Checkout,241
CAMPAIGN_50,LinkedIn,2025-01-23,35850,1623,1072,438.46,10140.59,88.04,40,A,buy shoes,Headphones,0.63,Direct,a00a9626-97e5-4573-ad6a-42f3500ec768,83.0,Checkout,429
CAMPAIGN_51,Email,2025-06-13,28350,1878,823,9868.26,2669.34,35.99,40,B,best deals,Backpack,-0.44,Referral,9049fca9-eb06-4c86-8896-869d9d7f99cc,16.19,Purchase,451
CAMPAIGN_52,Instagram,2024-11-28,28472,1967,38,1317.41,7830.44,88.42,50,A,discount laptops,Charger,-0.74,Email,fb7e6ad5-3686-4452-a1b9-683b190898d0,118.74,Landing,505
CAMPAIGN_53,Instagram,2025-04-22,29761,188,967,2388.2,12938.63,57.23,40,B,new phones,Headphones,-0.12,Direct,7c84ddb9-51c2-475c-8237-e9c705a508c1,177.45,Checkout,33
CAMPAIGN_54,Facebook,2024-12-30,26351,2942,486,611.8,15651.92,29.51,50,None,latest gadgets,Charger,0.29,Referral,8c1c28e1-583c-4a23-bf9f-076dc94c7cfe,34.59,Add to Cart,118
CAMPAIGN_55,Instagram,2025-03-29,24132,2076,327,6436.03,4500.74,26.95,0,B,discount laptops,Backpack,-0.24,Search Engine,6647bc38-0512-471f-bd1c-9e6f59dd7c8f,121.57,Checkout,511
CAMPAIGN_56,Google Ads,2025-06-09,16305,2356,254,2324.54,2928.89,34.62,0,None,latest gadgets,Backpack,-0.89,Email,23060dff-611b-49c8-afc1-9abe4fe5ced5,134.62,Landing,34
CAMPAIGN_57,Instagram,2025-06-27,10817,951,757,1882.1,13328.23,84.79,40,B,buy shoes,Laptop,0.2,Email,77515474-6f7f-4fe0-8468-fda0cf3b0756,86.77,Landing,196
CAMPAIGN_58,LinkedIn,2025-06-07,12261,739,706,976.7,237.22,48.99,0,B,best deals,Charger,0.8,Email,2ef5eb6c-ab76-438b-b14c-e5c3db2b6dfd,141.71,Signup,297
CAMPAIGN_59,LinkedIn,2025-07-02,1417,2089,281,1122.76,3731.78,47.68,30,B,best deals,Headphones,-0.23,Direct,34f7e217-dbee-4f42-a9f3-c9ae6694742a,85.09,Add to Cart,347
CAMPAIGN_60,LinkedIn,2024-12-07,42576,59,1473,5888.24,775.61,41.92,50,None,new phones,Headphones,-0.57,Social Media,8c5a896a-1c3a-485b-b4aa-3b9caca65711,103.4,Landing,46
CAMPAIGN_61,LinkedIn,2024-11-25,21358,310,1272,6913.26,3504.33,30.29,50,None,best deals,Charger,-0.11,Direct,39c512f2-4b61-423e-91fa-ce020ab35d57,6.43,Purchase,146
CAMPAIGN_62,Google Ads,2025-02-04,4267,1992,386,4034.05,3790.12,54.15,40,B,buy shoes,Charger,-0.9,Referral,e7f047bb-0972-4fb6-8e55-7fc127d82466,139.89,Add to Cart,517
CAMPAIGN_63,Twitter,2025-01-18,18209,1723,275,4850.98,7875.94,29.1,0,A,new phones,Charger,0.64,Social Media,8d3a3d1a-3a59-4c97-acdc-c16c0a7a9ba9,133.96,Add to Cart,236
CAMPAIGN_64,Email,2025-04-08,25052,2269,935,6891.08,8166.08,78.48,10,B,discount laptops,Phone,0.65,Referral,4e6f4867-67d9-4d3d-b91c-3ffe49654b9d,12.49,Purchase,329
CAMPAIGN_65,Facebook,2025-01-03,39513,2995,930,272.06,17510.4,45.93,50,None,best deals,Headphones,0.18,Social Media,009dbd82-0cd2-43de-8b25-4989e24ed1ba,76.81,Checkout,191
CAMPAIGN_66,LinkedIn,2025-05-31,27092,2110,1392,3298.99,10300.17,46.24,40,B,new phones,Backpack,-0.29,Direct,9d1302a2-7756-47ed-8b97-343df9a4cf2b,195.91,Purchase,95
CAMPAIGN_67,Instagram,2024-10-04,12338,1241,349,9733.67,14523.41,53.18,40,None,buy shoes,Headphones,0.6,Email,60768f2b-5b3b-4b3c-81d3-e301c3581c3f,87.04,Purchase,476
CAMPAIGN_68,LinkedIn,2025-05-30,1412,1669,398,5843.11,2261.92,51.09,30,None,latest gadgets,Phone,0.11,Search Engine,4ff06aee-d971-47d0-b584-e709f347432c,102.88,Checkout,62
CAMPAIGN_69,Instagram,2024-12-01,8543,370,586,2616.82,4663.69,89.64,20,None,latest gadgets,Charger,0.65,Email,fdd5e4f6-7dfa-49ac-87f1-5c100595a56e,182.44,Checkout,244
CAMPAIGN_70,Email,2024-09-25,41355,1392,12,5265.13,14118.28,58.18,20,B,buy shoes,Laptop,0.26,Direct,cce0741f-b68e-4df7-9455-93a84249a07f,144.87,Checkout,442
CAMPAIGN_71,Email,2024-11-26,34496,1686,1462,3492.27,1245.52,26.17,50,None,buy shoes,Charger,0.57,Social Media,e190a82f-ffa7-4110-88fc-e378195422b9,118.5,Checkout,505
CAMPAIGN_72,Email,2024-07-27,24548,2426,1175,5369.23,9834.63,62.48,30,None,latest gadgets,Charger,0.2,Email,e76a509b-40f2-487e-9a9a-b4502b9582dd,160.57,Checkout,109
CAMPAIGN_73,Instagram,2024-12-10,28384,2882,385,1344.84,12067.51,30.61,30,B,new phones,Phone,-0.17,Direct,caef8e3a-9dd9-4af5-9d2e-9b57b81d0e0f,173.55,Purchase,412
CAMPAIGN_74,LinkedIn,2024-11-22,45425,2874,333,1413.88,12122.48,22.17,30,None,latest gadgets,Headphones,0.92,Referral,e964a7bb-88bb-4ab1-a69b-8116d61e06ba,94.09,Signup,405
CAMPAIGN_75,Email,2025-03-29,39756,2044,155,1521.07,654.07,87.95,50,B,buy shoes,Charger,0.08,Search Engine,4f4e2e46-caff-4a18-bd17-a16eab47989f,97.65,Signup,536
CAMPAIGN_76,Google Ads,2024-11-13,19888,1993,302,9404.22,6577.74,74.15,20,None,best deals,Headphones,0.21,Email,f65a7070-9c31-40ae-b163-254a85dde0fb,80.28,Landing,424
CAMPAIGN_77,Instagram,2025-04-23,36735,2088,441,7355.7,12802.51,88.61,30,A,discount laptops,Shoes,-0.56,Social Media,91ac3bf5-93aa-443b-8a81-b44eb34313ad,193.51,Signup,472
CAMPAIGN_78,Instagram,2025-05-06,48295,1168,714,1707.58,3150.19,53.45,0,A,best deals,Backpack,0.25,Referral,2cc919e3-0e0a-477f-bf28-f27c6620177d,140.95,Signup,550
CAMPAIGN_79,LinkedIn,2024-10-14,49816,1654,958,1964.66,13969.23,57.26,40,None,best deals,Headphones,0.14,Direct,36664098-468c-4a03-b7e5-07f90ef8591b,21.23,Purchase,373
CAMPAIGN_80,Instagram,2024-12-21,18506,2415,594,7335.21,14969.32,31.78,40,A,buy shoes,Laptop,-0.63,Search Engine,b124b1de-8405-4c71-aad1-69f2c2fd28d8,173.28,Checkout,139
CAMPAIGN_81,Instagram,2025-02-08,21463,285,408,1646.02,19642.99,37.28,10,B,latest gadgets,Backpack,-0.88,Social Media,aee1c93f-a608-4c94-b126-94fd290a6c63,98.71,Checkout,93
CAMPAIGN_82,Email,2024-10-11,18955,2019,826,2422.16,4354.87,78.7,10,A,new phones,Laptop,0.21,Direct,4ba65be2-4a9e-4f14-a376-abb62a5e14f9,18.41,Purchase,280
CAMPAIGN_83,LinkedIn,2024-08-12,38841,383,1377,9637.13,16537.59,44.93,50,None,best deals,Charger,0.53,Direct,0d9d77fc-1ad8-46f9-b4ab-1d57994bb80f,112.19,Signup,253
CAMPAIGN_84,Email,2024-11-08,6104,1958,973,2627.53,10501.87,77.88,50,None,latest gadgets,Backpack,0.05,Email,6af2e09a-e26a-4c7d-8190-d018980c763c,86.35,Purchase,397
CAMPAIGN_85,Email,2025-07-23,35911,425,1173,6650.16,7594.56,69.63,40,B,new phones,Headphones,-0.55,Email,5996aecf-3710-4973-a9d4-53a9846ca3f4,176.16,Landing,223
CAMPAIGN_86,LinkedIn,2025-05-23,24190,1210,196,9788.45,2623.06,32.4,0,None,best deals,Backpack,0.33,Social Media,7a387204-5390-4ab5-9f09-ff3ea31c1196,44.78,Checkout,175
CAMPAIGN_87,Facebook,2025-07-17,8357,2685,70,3805.54,14763.01,55.52,20,B,new phones,Charger,-0.84,Direct,d941832c-6e56-47bc-9e21-abaa78d7d093,166.16,Add to Cart,68
CAMPAIGN_88,Email,2025-06-17,33479,1620,948,273.41,4869.98,67.42,20,A,latest gadgets,Phone,-0.12,Email,9f86eeaf-ea84-4d2e-be16-6cfb94e168a4,113.75,Landing,513
CAMPAIGN_89,Google Ads,2024-11-30,45811,2610,1413,2517.06,7554.16,36.45,50,A,discount laptops,Laptop,-0.67,Search Engine,9190b643-72c6-4202-bc64-f319d063c29f,15.65,Landing,132
CAMPAIGN_90,Google Ads,2024-10-25,37208,1369,719,8325.68,1438.34,78.15,0,B,latest gadgets,Charger,-0.63,Search Engine,882e21df-24df-4b02-ad17-8221b47d7dbf,194.51,Purchase,422
CAMPAIGN_91,Instagram,2025-04-19,21150,1905,816,8659.63,16067.06,58.14,50,B,buy shoes,Phone,-0.6,Direct,facd1ce9-7da5-4651-9d22-5720e2e9cb2f,104.96,Signup,148
CAMPAIGN_92,Google Ads,2024-10-21,6644,1422,1473,7708.34,15378.45,31.57,20,None,new phones,Backpack,-0.23,Email,b6893e88-2776-42ed-890c-92f26b16d03d,61.72,Checkout,238
CAMPAIGN_93,Instagram,2024-11-26,44286,922,1352,1219.79,14725.59,60.81,50,A,discount laptops,Backpack,-0.9,Social Media,52fc4806-0a3d-4cab-8765-4382a385668a,96.53,Add to Cart,283
CAMPAIGN_94,Facebook,2025-01-14,48320,1302,1335,7975.55,6128.98,89.98,30,B,new phones,Charger,-0.2,Social Media,48d87313-05ca-4bdf-8666-a529a4740528,172.28,Landing,448
CAMPAIGN_95,LinkedIn,2025-06-29,3914,2367,1377,9194.91,3634.91,30.54,50,A,new phones,Headphones,0.02,Social Media,a9cb193f-16bd-4c95-b671-c969cfbbc0d7,64.46,Add to Cart,571
CAMPAIGN_96,LinkedIn,2024-08-27,22352,1901,20,6046.03,12823.55,77.17,40,B,best deals,Backpack,-0.03,Search Engine,d280f99a-9916-4f09-8ddf-3abb3a2c0c2c,42.57,Signup,127
CAMPAIGN_97,LinkedIn,2024-12-19,47352,2895,1095,9414.67,10024.09,34.51,50,A,buy shoes,Headphones,-0.23,Email,ccc26bff-a9d1-4ddd-8919-a7c393f2df31,30.17,Signup,492
CAMPAIGN_98,Google Ads,2024-09-08,45912,1364,235,8285.7,3729.4,74.77,40,None,new phones,Headphones,0.68,Email,0775b336-641d-4bfe-95c2-4065def58b03,63.08,Add to Cart,404
CAMPAIGN_99,Facebook,2024-09-24,15397,774,1186,6703.02,13781.04,71.42,0,A,latest gadgets,Headphones,-0.71,Search Engine,cc4f2f46-8f7d-4849-a893-87b911449cac,157.11,Checkout,469
CAMPAIGN_100,Google Ads,2025-04-27,42555,2102,573,5814.13,19824.3,41.03,20,A,latest gadgets,Shoes,0.01,Social Media,7360a034-6f2e-4dda-a54b-a56e4ba2159f,96.97,Signup,87
CAMPAIGN_101,Google Ads,2024-10-02,47959,2948,781,3550.88,14994.95,42.81,10,A,best deals,Phone,-0.88,Social Media,b529402c-db15-4859-86ed-3e58629d4f33,49.36,Add to Cart,421
CAMPAIGN_102,Facebook,2024-09-01,1728,127,1343,1676.95,14851.73,75.48,10,A,buy shoes,Phone,-0.86,Direct,95b3164c-2263-41b8-b8c6-dd3ea4b686b5,37.41,Landing,84
CAMPAIGN_103,Facebook,2024-09-07,1698,2671,894,6089.04,19016.19,52.3,20,A,buy shoes,Backpack,0.15,Referral,581dc889-f93d-4c33-a5cd-6a3d3ba5bd74,69.88,Add to Cart,304
CAMPAIGN_104,Facebook,2024-11-15,40954,181,1276,3249.3,4218.14,71.16,10,None,latest gadgets,Backpack,0.13,Email,e3017aad-bb36-4124-bacb-f9841ce0fdf0,188.29,Add to Cart,30
CAMPAIGN_105,Facebook,2024-09-06,48280,650,1399,8677.74,11397.89,30.36,50,B,discount laptops,Headphones,0.76,Email,e577b127-bfb1-46ab-98cd-ad6f57a1be12,71.89,Purchase,180
CAMPAIGN_106,LinkedIn,2025-07-24,14923,1822,1363,9934.04,19597.0,79.68,0,A,best deals,Shoes,0.12,Email,b4f4fb5c-1a18-4219-97af-c2cdde6ef875,197.68,Signup,24
CAMPAIGN_107,Twitter,2025-03-07,17779,1115,1140,7549.03,3472.82,69.76,0,None,best deals,Headphones,0.92,Referral,afe0c29d-d104-4137-8cad-39c0edb5199a,99.62,Checkout,220
CAMPAIGN_108,Twitter,2025-05-02,8400,2186,235,995.77,14064.99,83.49,20,A,latest gadgets,Shoes,-0.9,Direct,69672133-79bc-46ad-9db7-773ec230bf7d,39.94,Checkout,569
CAMPAIGN_109,Facebook,2025-03-11,25466,2499,834,2957.99,11799.04,29.27,10,A,latest gadgets,Headphones,-0.8,Referral,f0b96fb0-0da2-45a5-8af5-174d24346ea9,178.77,Purchase,95
CAMPAIGN_110,Twitter,2025-03-28,37939,2393,227,1180.19,11812.29,61.51,50,B,discount laptops,Laptop,-0.91,Social Media,5a52d200-3a34-472f-a7a0-284b01a18b00,94.77,Checkout,158
CAMPAIGN_111,Twitter,2024-10-22,5360,1913,946,6540.07,14013.88,61.94,0,A,discount laptops,Laptop,-0.63,Social Media,576eebd3-cebe-4569-ac87-163a536b5995,143.39,Add to Cart,381
CAMPAIGN_112,Facebook,2025-06-02,36270,1368,762,7675.39,18606.42,44.74,0,None,buy shoes,Charger,0.08,Email,f95929d5-aae5-4d76-a66e-40494b397384,196.82,Purchase,489
CAMPAIGN_113,Twitter,2024-12-09,18101,665,515,9264.18,15695.12,52.09,30,None,best deals,Headphones,0.29,Search Engine,f9e3da58-86c3-4dce-85d0-b09fa3856242,14.78,Landing,160
CAMPAIGN_114,Google Ads,2025-03-18,33307,2897,268,4437.91,1311.49,22.66,30,B,best deals,Backpack,-0.91,Email,a346db85-8202-4d64-8469-f1ed80556840,23.86,Signup,150
CAMPAIGN_115,Instagram,2024-07-24,6486,2519,63,9023.62,17084.01,72.21,0,A,latest gadgets,Phone,0.89,Search Engine,e4af5746-918a-4a0c-8acd-f11b1e92d78d,145.49,Signup,78
CAMPAIGN_116,Instagram,2025-04-24,9335,1938,1080,8791.12,4665.72,58.45,20,None,buy shoes,Charger,0.68,Referral,dd2855e3-a50a-4b34-a6ce-46b4b4d8eaa7,59.96,Signup,269
CAMPAIGN_117,Facebook,2025-01-26,22364,1096,736,3240.24,7662.9,24.04,40,A,best deals,Backpack,-0.41,Social Media,f6f6209b-4ad2-4127-b9d6-34a4e12d3191,40.94,Add to Cart,530
CAMPAIGN_118,LinkedIn,2024-11-03,38259,624,698,8702.12,9342.31,67.65,40,A,buy shoes,Laptop,-0.85,Search Engine,e1ba60b4-c8d0-41d7-887a-9e91eb15d5c0,12.68,Landing,380
CAMPAIGN_119,Facebook,2024-11-15,24576,2240,1132,3819.16,9721.94,52.67,50,A,buy shoes,Headphones,-0.66,Referral,261e5fde-b4eb-4809-8275-7d8feba9e1e6,9.26,Purchase,428
CAMPAIGN_120,LinkedIn,2025-01-23,32667,1042,1053,3039.01,8816.57,22.41,0,B,latest gadgets,Charger,-0.75,Social Media,c206601f-59dc-4003-8f4f-44980f99de29,156.02,Purchase,110
CAMPAIGN_121,Instagram,2024-10-12,12130,2762,428,6525.84,18759.6,87.87,0,A,buy shoes,Headphones,-0.75,Search Engine,00870267-5298-45b9-9b82-7133c3039574,31.21,Signup,252
CAMPAIGN_122,Facebook,2024-10-11,22972,2242,699,3350.97,14179.18,86.44,0,None,discount laptops,Laptop,0.04,Email,4768f38d-6568-4770-b86e-817f2f4dffe0,96.21,Landing,521
CAMPAIGN_123,Email,2025-04-17,41419,1298,859,6339.07,12697.18,55.9,20,A,discount laptops,Charger,-0.51,Email,2d56456a-94e1-4bee-9f83-331f938d57a1,123.15,Landing,564
CAMPAIGN_124,Google Ads,2025-02-17,2167,552,71,6137.33,1186.87,26.56,30,None,new phones,Laptop,-0.28,Email,97fb6a2c-8342-4ae2-b2ca-d2f491810fb1,88.53,Landing,104
CAMPAIGN_125,Twitter,2025-03-19,28192,2047,1178,5678.05,18097.48,72.82,0,A,latest gadgets,Shoes,0.98,Referral,1892045c-17ba-4645-994e-573c887751fd,10.29,Checkout,235
CAMPAIGN_126,LinkedIn,2025-03-15,2062,870,225,3866.16,18205.93,54.44,0,None,new phones,Laptop,0.37,Email,0f402dfd-2a03-4e46-aa3b-deb687a4aeba,157.78,Checkout,527
CAMPAIGN_127,Email,2024-12-18,19540,2201,12,5530.15,15648.22,41.17,10,None,discount laptops,Headphones,0.9,Direct,313ad01f-acc6-4008-8250-3b2f3e504e8b,7.05,Signup,223
CAMPAIGN_128,Twitter,2024-11-10,25244,2020,169,6005.21,339.18,54.4,20,A,new phones,Phone,-0.71,Social Media,f9d5e682-e527-40de-a416-eb56780a48e4,153.57,Landing,76
CAMPAIGN_129,Twitter,2024-09-21,22545,247,790,5502.3,1334.15,56.57,50,A,latest gadgets,Laptop,-0.24,Referral,a0f8672d-0da8-43ec-a7d3-c3a4779e922d,179.19,Landing,405
CAMPAIGN_130,Facebook,2025-03-02,22689,1719,1153,4499.75,4659.43,59.39,0,None,latest gadgets,Backpack,0.11,Email,8cd21c48-5fe8-4228-bda0-d2c431f200fa,89.4,Purchase,21
CAMPAIGN_131,Twitter,2025-06-28,12174,2676,902,245.2,2800.72,50.89,10,B,buy shoes,Phone,-0.85,Social Media,460fd7bf-4f20-4b1f-820c-755875878bd0,109.43,Purchase,246
CAMPAIGN_132,Google Ads,2025-05-14,23925,2488,1122,5911.91,8096.95,62.4,40,A,best deals,Shoes,-0.99,Search Engine,55ab8ee3-c1eb-448b-b7be-2ec559f74a32,98.01,Signup,408
CAMPAIGN_133,Email,2025-07-24,38497,1252,338,1767.6,18467.94,84.31,50,B,buy shoes,Charger,0.34,Email,1516c9c9-762c-4e4f-afce-377ebeb40606,80.9,Landing,416
CAMPAIGN_134,Twitter,2025-04-20,10348,2651,589,6461.5,9546.8,45.36,0,A,latest gadgets,Charger,0.28,Social Media,4f3eb0ab-d913-4c50-a201-fdef9b6a172a,178.05,Signup,489
CAMPAIGN_135,Facebook,2025-04-11,24714,1521,1390,7617.51,465.37,70.8,0,A,discount laptops,Phone,-0.18,Direct,7637c13b-2619-4df9-9131-adf80d32b43a,179.32,Purchase,231
CAMPAIGN_136,Google Ads,2025-03-25,39102,1696,1300,5054.41,5798.36,82.61,10,A,discount laptops,Charger,-0.02,Search Engine,4403b6a1-8e4b-4143-8bc9-2085532e0130,70.48,Purchase,165
CAMPAIGN_137,Instagram,2024-09-26,9924,1742,961,5469.4,1082.98,51.92,20,A,buy shoes,Laptop,-0.17,Direct,be4aeadf-ce14-4242-a33d-2e2585d1c4a0,124.94,Checkout,437
CAMPAIGN_138,Email,2024-12-30,38098,1362,1356,9519.64,918.49,51.04,0,B,latest gadgets,Phone,-0.95,Social Media,4079376c-80d2-40a8-84c2-436c5f0c55c6,185.75,Signup,167
CAMPAIGN_139,Twitter,2024-08-28,25394,2085,644,8486.96,5659.25,62.15,40,A,discount laptops,Headphones,-0.33,Direct,b0d62999-00e2-45f2-8456-7fff413ac680,192.6,Signup,425
CAMPAIGN_140,Facebook,2024-11-26,7801,527,997,9150.94,5657.12,61.4,0,None,latest gadgets,Laptop,-0.65,Social Media,bf88ac08-8468-40a7-9667-ecaf56d12671,104.25,Landing,335
CAMPAIGN_141,Instagram,2025-04-08,38614,1304,1228,8156.29,15785.11,76.46,40,None,discount laptops,Laptop,-0.8,Social Media,f4fde1b6-cfcd-45a1-a510-fe81a12c493c,93.3,Landing,380
CAMPAIGN_142,Instagram,2025-02-23,7731,972,930,1178.29,19501.73,53.35,50,B,latest gadgets,Laptop,0.91,Direct,31631faa-821d-440d-9e87-210f166bc03f,59.35,Checkout,353
CAMPAIGN_143,LinkedIn,2024-08-23,49136,469,747,1575.02,7549.9,89.73,50,A,new phones,Headphones,0.2,Social Media,13c07d0b-b7c3-4e0a-adef-4e91487fa653,191.98,Add to Cart,271
CAMPAIGN_144,Google Ads,2025-03-19,24625,2254,1365,5313.58,8691.96,24.16,30,None,latest gadgets,Shoes,0.46,Email,144d464b-17f1-47ec-a71a-3975d0095341,32.85,Add to Cart,292
CAMPAIGN_145,Twitter,2025-07-09,18337,2647,179,2536.09,16926.83,20.22,30,B,latest gadgets,Backpack,-0.37,Social Media,195e5ba9-5fed-454c-a379-a45c05919812,118.07,Add to Cart,238
CAMPAIGN_146,Facebook,2025-06-28,36307,1170,530,4819.29,5509.15,64.81,40,A,buy shoes,Charger,-0.21,Referral,a2407f96-17a2-42d9-a5b6-0e0ad221fc69,60.1,Signup,289
CAMPAIGN_147,LinkedIn,2025-05-24,8056,1000,1496,4004.22,3296.36,40.89,20,None,new phones,Phone,-0.53,Social Media,16e81cb3-10df-47ba-81e3-0cb796d33248,59.41,Signup,299
CAMPAIGN_148,Google Ads,2025-03-11,12516,2386,49,5539.2,17091.17,36.83,0,None,best deals,Shoes,-0.81,Referral,c7c7f400-2a09-45cc-994d-ea4d19300449,83.97,Purchase,56
CAMPAIGN_149,LinkedIn,2025-03-05,45261,1327,1294,7494.07,1120.71,41.83,0,B,buy shoes,Phone,-0.64,Social Media,bdfffe68-4c65-427e-b7eb-2b9c157b6475,199.76,Signup,223
CAMPAIGN_150,Email,2024-08-16,2542,2293,1428,7183.36,12470.05,37.92,30,A,best deals,Charger,0.6,Social Media,bdc5f753-72b9-4df4-be1a-97821cfed406,15.72,Signup,33
CAMPAIGN_151,Google Ads,2024-09-29,22677,2695,964,5260.22,11327.46,22.16,40,A,discount laptops,Headphones,0.36,Direct,39ad24a7-f696-47a4-b420-465d2918e75f,117.82,Signup,330
CAMPAIGN_152,Google Ads,2024-08-17,47732,1907,1259,8241.69,7049.22,88.01,0,None,best deals,Laptop,0.09,Email,31f84e93-43b0-4961-9fa2-c96b5b1c3b15,21.1,Checkout,283
CAMPAIGN_153,Twitter,2024-09-18,40081,566,993,4365.53,6440.75,35.45,0,None,latest gadgets,Laptop,-0.05,Email,88830d71-133c-4fa6-bc37-84ca20708f81,35.13,Signup,565
CAMPAIGN_154,Google Ads,2025-05-11,28569,1708,1157,8977.47,15482.78,71.38,20,None,best deals,Headphones,0.84,Search Engine,bd675f9b-3991-4d84-8556-32da608157e6,90.71,Landing,322
CAMPAIGN_155,LinkedIn,2024-10-04,24322,1915,984,805.67,1911.21,73.38,10,A,buy shoes,Shoes,-0.85,Direct,f825dc9e-dfa9-49ef-ae01-11153e53fd7b,104.54,Landing,372
CAMPAIGN_156,Google Ads,2024-12-09,20065,2962,47,9551.13,4888.33,85.05,30,B,buy shoes,Shoes,-0.44,Direct,b2248ff2-ba18-4c0c-833e-0b0c58b1c9ec,55.46,Purchase,389
CAMPAIGN_157,Twitter,2024-12-15,18924,1191,337,6581.46,14702.48,22.14,30,B,best deals,Phone,-0.3,Email,96539658-c4cf-4b01-9c45-5f05dc09cb42,66.71,Checkout,479
CAMPAIGN_158,Twitter,2024-07-25,23556,2903,1284,3862.74,11056.75,81.04,10,A,buy shoes,Headphones,0.56,Direct,83c45b84-4607-4b7e-8a3f-50667d31e273,21.96,Landing,125
CAMPAIGN_159,Email,2024-09-20,27962,1982,1209,2051.83,2734.17,56.91,0,B,buy shoes,Shoes,0.99,Email,64a35a88-c992-4c53-8006-7f0b63f26c30,64.13,Checkout,51
CAMPAIGN_160,LinkedIn,2025-07-18,29295,864,923,4843.91,17666.29,64.28,20,None,best deals,Headphones,-0.52,Direct,b36ff63d-f166-4d6a-84da-84c0dbd288a1,193.48,Checkout,388
CAMPAIGN_161,Instagram,2024-12-14,14807,2325,463,2026.13,7990.27,65.11,20,B,new phones,Charger,0.75,Social Media,5b84781f-25f5-4d50-a2a3-33e4e6adf6cc,189.22,Purchase,215
CAMPAIGN_162,Instagram,2025-01-20,43348,1950,46,1746.68,16591.79,77.39,30,B,new phones,Laptop,0.66,Email,9554cabc-7fe5-42b5-ab9a-31b6f4a07dba,70.3,Checkout,475
CAMPAIGN_163,Google Ads,2025-02-19,27432,2313,1349,6211.78,15796.72,43.34,20,B,discount laptops,Laptop,-0.55,Email,693636be-8c22-47d8-84e3-cd34978fba4e,116.32,Signup,289
CAMPAIGN_164,Email,2025-02-07,18749,2112,982,5278.54,12563.62,71.31,50,None,buy shoes,Laptop,-0.2,Referral,68db606f-d255-4681-a7ee-9021bb61bd5e,182.37,Checkout,127
CAMPAIGN_165,Facebook,2024-08-15,42459,2144,805,6733.95,9990.73,57.0,10,A,best deals,Headphones,-0.18,Direct,a811580d-3d6d-4d2b-9f16-933f8dcf0ca0,6.21,Purchase,246
CAMPAIGN_166,Google Ads,2024-12-14,27256,2421,982,9303.1,19595.11,75.54,0,None,buy shoes,Headphones,0.96,Direct,7a828e9b-59e9-472a-9356-368758388219,163.08,Purchase,318
CAMPAIGN_167,Email,2024-08-14,41262,2941,602,5369.38,3070.31,89.34,50,A,latest gadgets,Phone,-0.64,Email,fea6d979-2ca2-4530-837a-b90652a13ba6,189.93,Purchase,465
CAMPAIGN_168,LinkedIn,2024-07-29,38080,179,1147,5851.23,14558.08,34.05,10,A,buy shoes,Laptop,0.6,Social Media,11cbfd95-4137-4204-a9f2-afe6a155a605,22.81,Landing,484
CAMPAIGN_169,LinkedIn,2024-08-21,2324,144,1073,987.3,3985.58,89.63,40,A,buy shoes,Phone,-0.33,Social Media,2c4710c9-3ff7-436e-b1e5-d55cecabe969,36.48,Signup,109
CAMPAIGN_170,LinkedIn,2025-03-14,26731,2724,1334,7204.59,6897.61,26.29,30,B,new phones,Laptop,0.46,Social Media,2cf0660f-1a79-4c62-bdc3-fc9737f89fc5,192.35,Landing,270
CAMPAIGN_171,LinkedIn,2025-06-04,36909,2852,233,4059.06,6312.24,20.16,20,B,best deals,Phone,-0.16,Direct,0af18bd5-6cad-4109-9bb8-3bda114a6aa4,109.82,Add to Cart,314
CAMPAIGN_172,LinkedIn,2024-11-21,24803,2005,327,9769.58,18951.31,23.09,40,A,buy shoes,Phone,0.16,Referral,80a37f74-b7d2-4778-b112-e2a43bd20f0d,7.77,Signup,363
CAMPAIGN_173,Email,2025-07-09,20870,843,358,8249.42,19353.65,43.92,20,A,new phones,Charger,0.67,Email,2eb185dc-03e0-40bd-882c-bc9443ab1aba,55.24,Checkout,295
CAMPAIGN_174,Email,2025-07-01,35578,1884,124,5272.56,3823.71,64.3,50,B,discount laptops,Phone,0.61,Search Engine,e404688a-6bd7-4bbe-bf8b-ac59b7272491,92.74,Purchase,337
CAMPAIGN_175,Twitter,2025-03-04,7588,2166,707,1319.9,636.3,24.83,0,None,new phones,Headphones,0.73,Referral,39d6105c-e832-41ec-9a5c-1228daed7efd,140.12,Add to Cart,112
CAMPAIGN_176,Instagram,2025-03-09,39069,1733,1356,8608.22,14456.16,20.4,0,A,new phones,Phone,-0.88,Search Engine,3ebaf5fb-a4ee-4e16-b3bc-d0ebe24397ee,147.97,Signup,72
CAMPAIGN_177,LinkedIn,2025-03-17,27790,60,1073,8017.83,8476.2,85.6,0,None,new phones,Laptop,0.38,Referral,6727d697-eaad-4d78-b713-ac555e7e85bb,199.11,Landing,291
CAMPAIGN_178,Facebook,2024-09-26,26289,1915,49,1927.39,1959.04,77.53,20,B,buy shoes,Phone,-0.72,Social Media,7d619b93-bfdd-457e-b889-26f94e32c5d3,61.06,Purchase,450
CAMPAIGN_179,Email,2024-08-15,29178,2969,1322,3023.26,13738.33,76.64,40,A,buy shoes,Shoes,-0.17,Direct,14bc4668-a296-4473-bb4b-c62c5cea11be,109.95,Landing,302
CAMPAIGN_180,Facebook,2025-02-17,29710,2647,1295,7954.73,10993.09,81.91,0,None,discount laptops,Backpack,0.1,Search Engine,be2c160f-aedd-4b75-88aa-ea5ab312b795,109.0,Signup,16
CAMPAIGN_181,Facebook,2025-05-26,16485,761,225,1933.76,19614.23,69.0,40,None,latest gadgets,Laptop,-0.19,Referral,9cd7a5e3-e2c5-4ab7-9dd1-d01925849f82,84.1,Signup,101
CAMPAIGN_182,Facebook,2024-10-14,45482,2120,1180,9185.75,4702.71,27.31,20,None,latest gadgets,Shoes,0.04,Direct,344b0f3a-fbb8-40a1-a5d3-7da6341a1c85,37.99,Add to Cart,199
CAMPAIGN_183,Twitter,2025-06-29,21652,864,345,4302.82,8198.76,47.94,50,B,latest gadgets,Laptop,0.99,Search Engine,7dead6ca-c59a-4b60-a84c-7abcf9225264,195.6,Checkout,485
CAMPAIGN_184,Email,2024-11-06,5748,395,1201,961.69,10942.41,70.62,40,B,discount laptops,Headphones,-0.73,Email,077f49d9-48df-4bde-8099-0fc5ef3908d8,171.4,Landing,520
CAMPAIGN_185,Facebook,2024-10-22,22233,2399,101,8175.91,15875.66,39.62,50,None,latest gadgets,Backpack,0.35,Referral,389f3bcd-4f07-455c-b03f-bbdc250a0bac,102.17,Add to Cart,471
CAMPAIGN_186,LinkedIn,2024-12-21,10435,412,362,3797.75,11067.01,68.12,20,None,latest gadgets,Backpack,-0.21,Email,592c6e3f-fee0-4744-b9d4-96b8ed5ef128,122.63,Purchase,62
CAMPAIGN_187,Google Ads,2025-07-02,4709,2493,580,5312.34,12335.42,21.71,20,B,new phones,Headphones,-0.73,Social Media,37c66b2f-2f0b-4bd8-bef7-c22ddda47edd,49.32,Checkout,495
CAMPAIGN_188,Facebook,2024-11-28,31355,2315,825,1211.81,4677.71,41.43,30,None,buy shoes,Backpack,-0.68,Email,4698dd57-91be-4006-a61e-42b72f0304aa,111.04,Add to Cart,499
CAMPAIGN_189,Twitter,2024-10-29,14116,2238,790,125.58,16968.99,58.44,20,None,buy shoes,Headphones,0.9,Email,6e86c69d-03ff-4ece-87e1-5adaa387137a,140.52,Landing,373
CAMPAIGN_190,Email,2024-10-15,26470,1034,372,6416.05,8686.88,64.25,20,B,new phones,Shoes,0.76,Referral,288107b7-f344-4bb6-8117-c752f7462f48,105.46,Signup,121
CAMPAIGN_191,Twitter,2024-09-02,43344,1689,566,5200.23,2991.0,60.39,10,None,new phones,Charger,0.81,Social Media,06f0b2b6-fd57-4872-8761-169eb5f64e0c,198.11,Purchase,418
CAMPAIGN_192,Facebook,2025-07-21,43918,877,1378,5976.03,13350.92,68.84,0,None,new phones,Laptop,0.98,Email,02f0b84e-9dc6-46b8-a609-e15b3fe8a023,124.21,Landing,16
CAMPAIGN_193,Email,2024-09-09,40298,2780,1203,7958.06,4478.59,20.43,30,None,buy shoes,Headphones,-0.58,Direct,0b5df603-2b76-4429-9324-9ea8df509f54,77.34,Checkout,206
CAMPAIGN_194,Google Ads,2025-04-01,43956,405,365,6501.4,2131.74,27.07,30,B,latest gadgets,Laptop,-0.29,Search Engine,99ed3d36-1c8b-4caa-b9d6-18aefa623533,155.57,Checkout,376
CAMPAIGN_195,Facebook,2025-04-28,15683,1397,200,1830.26,17267.34,80.83,30,None,new phones,Shoes,0.34,Email,51b20427-55ff-4a45-afb8-b97dfc62bf6c,38.24,Signup,259
CAMPAIGN_196,Twitter,2025-05-02,1504,2985,431,3671.65,9311.21,67.72,10,B,discount laptops,Charger,-0.03,Social Media,45c885a1-d5c9-4227-ac87-c53ee2ad7677,79.98,Signup,249
CAMPAIGN_197,Instagram,2025-06-14,34982,1913,709,9068.32,15035.82,27.91,50,B,new phones,Shoes,-0.16,Email,4cdcd207-9e3e-4a4d-9407-611fda7d1dd8,72.66,Purchase,389
CAMPAIGN_198,LinkedIn,2025-04-04,35299,176,16,7722.45,5953.63,78.95,20,A,best deals,Backpack,-0.28,Search Engine,f6277526-743d-48c5-b60d-53829254aa92,89.2,Purchase,480
CAMPAIGN_199,Twitter,2025-04-27,29016,653,142,5610.71,15782.01,36.96,0,A,new phones,Laptop,0.19,Social Media,b2fdecdf-f29c-453b-aa4d-bd2dd07cbf6a,157.45,Signup,464
CAMPAIGN_200,Email,2024-08-26,24960,1978,566,2630.89,2416.33,53.48,40,None,buy shoes,Charger,0.15,Referral,c8a9ad61-d1f6-4038-8d1c-5c85801e0cf5,99.41,Signup,375
CAMPAIGN_201,Facebook,2025-01-12,34591,1063,835,3090.4,7248.27,30.16,50,B,new phones,Backpack,-0.68,Social Media,84b6f3d3-e11c-45ba-885b-eaa81291c7d1,159.83,Checkout,299
CAMPAIGN_202,LinkedIn,2025-07-06,18312,100,770,7346.38,19565.62,69.71,20,A,best deals,Charger,-0.06,Referral,93749e6d-4068-4eb0-8ad2-42d900181069,117.42,Signup,412
CAMPAIGN_203,Facebook,2024-09-13,38797,2876,1064,8526.63,15921.0,66.68,10,None,discount laptops,Backpack,0.11,Social Media,7e305fbe-ee56-4dab-8f0b-dd314da2513b,71.7,Add to Cart,67
CAMPAIGN_204,Email,2024-08-14,47196,1480,544,6747.1,10045.67,34.78,20,A,latest gadgets,Shoes,0.14,Search Engine,9db16034-294c-488a-ae38-7555b15e52c2,162.95,Landing,530
CAMPAIGN_205,Facebook,2025-03-27,3105,1842,435,8114.35,6927.59,80.44,20,A,new phones,Headphones,-0.58,Search Engine,7d0bba55-bbed-46a8-af33-01730f260202,51.47,Signup,313
CAMPAIGN_206,Instagram,2025-07-24,37395,2911,1427,7689.9,17468.29,48.09,10,B,best deals,Laptop,0.48,Social Media,5c871f91-98ce-447f-99f7-0fdfd5ec6f89,48.75,Purchase,124
CAMPAIGN_207,LinkedIn,2025-04-06,46740,1686,681,1582.07,10987.99,40.48,30,B,best deals,Phone,-0.95,Email,b6caab62-a5bf-41d0-b05c-1ae772520785,103.38,Add to Cart,219
CAMPAIGN_208,LinkedIn,2025-03-03,23700,1695,372,4297.05,15216.82,30.66,30,A,discount laptops,Phone,-0.29,Search Engine,6af4dbbb-3a55-4b95-b1b4-f31ca06e0b6d,55.87,Purchase,50
CAMPAIGN_209,Email,2025-06-27,35620,2517,1470,1614.54,15131.33,38.63,0,A,buy shoes,Shoes,0.56,Referral,55edbcf0-f721-4f20-a067-544b33d49b1a,6.77,Add to Cart,182
CAMPAIGN_210,Instagram,2024-11-19,38678,1255,91,2428.83,555.32,21.54,0,B,new phones,Laptop,0.13,Referral,a5d63a86-72fe-4f9d-8cbe-f219d6023282,131.42,Signup,243
CAMPAIGN_211,Twitter,2024-10-23,21559,2922,365,8705.67,2699.82,60.83,30,None,best deals,Laptop,-0.48,Direct,f89a6b5f-da53-498b-904b-3d5613f83fe5,104.66,Landing,599
CAMPAIGN_212,Facebook,2024-11-22,28509,1904,1291,4781.63,13260.66,78.96,50,B,discount laptops,Shoes,0.39,Referral,1e0fb346-c96b-4fd2-a46a-5b11de17697e,91.88,Purchase,412
CAMPAIGN_213,Google Ads,2024-11-08,28860,616,598,5400.05,3400.07,58.43,40,A,latest gadgets,Laptop,0.13,Direct,045b3d0d-8039-4aec-8d6a-e60f6fd387a3,193.56,Add to Cart,48
CAMPAIGN_214,Facebook,2025-04-09,12003,2468,304,1866.62,5258.77,35.35,20,None,best deals,Headphones,0.59,Social Media,59974914-a8aa-4887-bfab-c4f30672ac09,116.38,Checkout,128
CAMPAIGN_215,Facebook,2024-09-30,22732,985,1257,3191.49,18943.43,22.36,40,A,discount laptops,Shoes,0.47,Social Media,d0a0a7b1-b645-49f1-984e-4470420aef02,173.37,Signup,344
CAMPAIGN_216,Twitter,2025-05-18,26826,1984,1079,2379.44,11291.61,35.02,20,None,buy shoes,Headphones,0.22,Social Media,cae2aa99-3029-4794-a810-ced992319014,32.19,Landing,345
CAMPAIGN_217,Facebook,2025-06-27,31354,2758,1146,2141.24,15064.44,49.13,30,A,buy shoes,Laptop,-0.02,Email,26e0615e-29e7-4e1e-94a7-45e94698ec6e,116.0,Signup,548
CAMPAIGN_218,Instagram,2025-03-30,14843,1382,1266,6415.81,11248.02,73.17,0,None,best deals,Shoes,-0.73,Email,bafd9a3f-15a0-403c-af19-bcd7ed9eab01,174.26,Checkout,83
CAMPAIGN_219,Instagram,2024-11-28,45472,251,26,2643.15,11139.77,33.15,50,None,best deals,Laptop,-0.48,Direct,f789aae4-e2d1-483e-b0d9-a03ae00d9ff7,118.71,Landing,200
CAMPAIGN_220,LinkedIn,2025-06-25,49529,2410,369,6356.95,2064.21,70.39,0,A,new phones,Shoes,-0.16,Referral,597b4c45-4d31-4a08-8e31-90b0e4418180,145.01,Checkout,333
CAMPAIGN_221,Email,2024-09-14,7190,166,1256,678.7,7004.53,80.69,40,None,discount laptops,Laptop,0.2,Referral,8265276b-ac01-4382-8ff4-991c6cf1a20f,77.55,Signup,156
CAMPAIGN_222,Google Ads,2025-01-21,18640,986,875,1503.57,5792.13,51.78,0,B,best deals,Headphones,0.03,Social Media,39b6944e-eef6-478e-8978-e132b8f6f0e2,23.03,Add to Cart,293
CAMPAIGN_223,Facebook,2024-09-03,39413,624,709,2817.95,7936.42,77.5,30,A,new phones,Headphones,-0.42,Search Engine,58b5db9d-43cb-439b-8f8a-88cbff1ab16e,94.29,Signup,222
CAMPAIGN_224,Facebook,2025-01-29,43356,2341,457,6010.76,16007.21,58.83,50,B,new phones,Laptop,-0.99,Email,d1789d82-7408-43db-a523-f696de152e20,81.92,Signup,403
CAMPAIGN_225,Twitter,2024-11-25,45597,586,865,6790.83,7564.27,64.6,40,A,best deals,Shoes,-0.01,Email,7411db38-197b-42b8-a52e-94ebceb6ac88,174.08,Signup,348
CAMPAIGN_226,Email,2025-05-21,41821,1675,374,4482.9,9143.6,56.84,50,None,buy shoes,Phone,-0.43,Social Media,7963a715-6c76-4a96-a91d-d3fe0b55f8a7,52.58,Purchase,31
CAMPAIGN_227,Instagram,2025-04-18,4330,2172,684,4513.33,8068.15,52.42,20,None,discount laptops,Headphones,0.47,Email,3f317c6f-add7-4bea-80b3-5ca512dcc633,193.51,Checkout,114
CAMPAIGN_228,Google Ads,2025-02-14,20087,435,1017,7272.72,2049.48,36.43,0,None,discount laptops,Headphones,-0.95,Social Media,29dc9b8a-a459-41d6-9716-a3461ab7922b,191.84,Checkout,475
CAMPAIGN_229,LinkedIn,2024-11-10,42430,524,1359,256.63,8933.23,41.22,50,A,buy shoes,Backpack,0.17,Direct,7ea6b46e-2d5e-4a0b-8c44-679ce8bd7288,53.29,Checkout,468
CAMPAIGN_230,Instagram,2024-12-22,25504,467,476,3476.79,4073.06,40.3,10,B,best deals,Phone,0.88,Referral,8efa3708-48c6-4f79-b3d5-a0766ef7457a,72.87,Purchase,441
CAMPAIGN_231,Email,2025-06-17,8114,2444,423,8205.2,3897.12,59.43,0,B,discount laptops,Laptop,-0.65,Search Engine,6e0ad202-ed04-4140-8c43-97c862fa54d0,179.63,Add to Cart,230
CAMPAIGN_232,LinkedIn,2025-06-17,14323,2737,1488,6071.87,2061.91,28.4,20,A,best deals,Shoes,-0.06,Referral,37e29531-818f-4470-aecd-2e4bfd2bfbfc,193.49,Signup,388
CAMPAIGN_233,Twitter,2024-09-07,35121,988,595,3438.55,7262.09,84.18,50,A,best deals,Backpack,-0.82,Referral,0ede5ee0-4113-405e-a5af-fa6ed93aedf4,91.47,Add to Cart,231
CAMPAIGN_234,Twitter,2025-02-15,11975,1004,1266,9064.7,15198.14,70.45,40,B,new phones,Laptop,0.25,Direct,5e7de5d2-c5f0-4643-b805-7eece7c89338,67.59,Purchase,267
CAMPAIGN_235,Facebook,2025-07-01,12023,925,1257,7748.97,5673.55,48.1,20,B,buy shoes,Charger,0.1,Email,9d50416a-7847-4953-a281-e7f9f7719007,107.59,Checkout,376
CAMPAIGN_236,Email,2024-08-04,22447,812,1003,2722.46,6384.51,31.1,10,B,best deals,Headphones,-0.19,Search Engine,0588542a-c6f6-4cb8-b40d-d62470edc1af,139.11,Signup,358
CAMPAIGN_237,Google Ads,2024-09-04,25933,1252,1445,6488.37,12924.96,81.74,50,B,latest gadgets,Charger,0.04,Email,2b608a8c-0f92-4faa-9dbc-d0a60aae8b81,58.33,Landing,234
CAMPAIGN_238,LinkedIn,2024-11-28,24959,1255,581,5997.93,4077.65,77.66,30,A,buy shoes,Headphones,0.79,Referral,1c9f3983-ccce-45a0-9dcb-a2245892e03c,148.61,Landing,245
CAMPAIGN_239,Instagram,2024-09-24,1667,713,344,4071.76,17959.77,70.52,0,A,discount laptops,Headphones,-0.61,Social Media,9ff69b47-bcf1-4399-b5bd-f2c7ea8c3646,15.07,Add to Cart,192
CAMPAIGN_240,Email,2025-03-29,30703,74,1255,3732.87,10499.77,39.01,40,None,new phones,Charger,-0.95,Referral,dfd9891e-8568-4c79-9ec1-534c59b13bfd,14.61,Checkout,453
CAMPAIGN_241,Email,2024-07-30,10337,2040,46,3501.25,9062.54,48.17,30,B,discount laptops,Charger,0.72,Email,969a4fa0-b66e-4148-9902-c8325bcb95b6,80.33,Landing,15
CAMPAIGN_242,Twitter,2025-05-22,47427,1253,998,6209.84,11244.84,27.19,50,None,discount laptops,Laptop,0.15,Referral,f961efbd-0fe9-40d5-a3d9-f503ffbc6942,73.93,Add to Cart,245
CAMPAIGN_243,Facebook,2024-11-26,37487,759,287,4479.86,3487.48,33.23,50,A,buy shoes,Backpack,0.78,Social Media,5f6c48e8-b83e-448c-bad6-75540331b3d9,66.55,Purchase,136
CAMPAIGN_244,Facebook,2025-01-22,20129,1929,1229,8335.44,12346.77,74.81,20,A,discount laptops,Backpack,0.19,Direct,2774297d-3b69-486a-be10-6d997b218767,100.75,Add to Cart,113
CAMPAIGN_245,LinkedIn,2024-10-16,41251,1234,925,6729.07,7389.39,70.05,50,None,best deals,Charger,0.62,Email,ee99806d-34b6-4446-aa13-fd747a1e1bb7,67.54,Add to Cart,489
CAMPAIGN_246,Twitter,2024-10-19,32921,2274,493,792.32,17964.29,61.54,40,B,discount laptops,Laptop,-0.14,Referral,42b86bf4-adb3-47f3-9815-3c6eaf5e200e,42.49,Add to Cart,164
CAMPAIGN_247,Email,2024-11-30,34307,334,1275,6437.67,3543.31,82.7,30,B,new phones,Backpack,0.5,Email,cdfb0973-3f34-42be-900f-86b17c16c026,65.35,Signup,266
CAMPAIGN_248,Google Ads,2025-04-21,28355,112,1357,2784.36,10239.61,60.83,40,B,new phones,Laptop,0.83,Direct,35603d74-baf4-4ca2-9c42-01afb8e35566,195.11,Add to Cart,244
CAMPAIGN_249,Twitter,2024-10-04,38732,1052,740,5968.84,12042.63,52.69,10,B,latest gadgets,Laptop,0.14,Referral,2fe24d6b-7ab0-4442-a444-8b8327f754c9,85.17,Add to Cart,509
CAMPAIGN_250,LinkedIn,2025-06-07,5835,711,201,6833.31,861.0,43.83,10,None,new phones,Headphones,-0.64,Referral,1e844c9f-8730-4cca-ad10-09a65583d159,91.72,Signup,298
CAMPAIGN_251,LinkedIn,2025-06-13,21159,2763,1050,2385.21,7401.12,85.83,0,None,discount laptops,Backpack,-0.46,Email,f415b5e2-b899-4d8d-840c-1fdf08643eb1,117.43,Signup,519
CAMPAIGN_252,Twitter,2025-02-16,39810,2253,533,4622.9,14706.18,25.79,0,A,new phones,Backpack,-0.6,Email,19cf6409-b61b-4299-9070-c3c9ba7bb4a2,196.75,Purchase,561
CAMPAIGN_253,LinkedIn,2025-02-16,48605,1542,927,1984.22,16443.47,85.16,10,B,buy shoes,Headphones,-0.51,Social Media,84cf2ce2-7d52-4620-8886-7ba9fc024a9d,52.11,Checkout,578
CAMPAIGN_254,Twitter,2025-05-22,41080,1016,410,618.15,6400.61,77.87,50,B,new phones,Charger,-0.39,Direct,51f9cb47-71b1-49a0-b83c-46f112630f4c,137.85,Landing,307
CAMPAIGN_255,Instagram,2025-07-15,39088,898,895,3846.92,16012.15,29.1,40,B,best deals,Headphones,0.11,Social Media,27ef29bc-b008-4a8e-b75b-951e6a5c0251,144.62,Landing,146
CAMPAIGN_256,Twitter,2024-10-18,14216,1157,714,3693.15,19361.57,59.55,10,None,buy shoes,Backpack,0.18,Referral,a8ea1d4b-b5c9-4f2d-a438-8a93e6475531,123.43,Add to Cart,385
CAMPAIGN_257,Twitter,2025-02-13,36547,738,31,9955.26,17166.1,80.66,0,B,latest gadgets,Backpack,-0.15,Email,3f5cff6e-1df9-424f-a16b-7651ce089371,22.27,Purchase,96
CAMPAIGN_258,LinkedIn,2024-09-18,32471,197,483,4518.89,2529.35,60.03,10,None,best deals,Charger,0.23,Referral,21cf8492-66ef-4ad5-8187-290c76d9fd4f,136.99,Add to Cart,428
CAMPAIGN_259,LinkedIn,2025-03-30,18308,391,1153,3402.34,14846.66,83.5,50,B,discount laptops,Headphones,-0.84,Referral,ef4fe1ad-be39-4bf9-a2e3-9a2c48fa673d,17.5,Landing,208
CAMPAIGN_260,Facebook,2025-02-15,28532,2573,219,5846.7,6529.4,86.01,10,B,discount laptops,Shoes,-0.82,Search Engine,2ed0dc5c-ea2e-4786-aae0-b67b440c8ca2,121.25,Signup,472
CAMPAIGN_261,Facebook,2024-09-13,35349,1136,315,978.8,19770.64,49.57,40,A,discount laptops,Shoes,-0.66,Search Engine,e345f224-72ec-435e-83d7-974f9371daa9,149.22,Checkout,446
CAMPAIGN_262,Instagram,2024-09-07,46445,1774,1303,9620.49,9810.11,46.41,30,B,best deals,Charger,0.04,Referral,3253dadd-ae59-4df1-b994-49b97b1da66b,46.14,Purchase,319
CAMPAIGN_263,Facebook,2024-12-23,6713,1433,713,6386.1,2624.19,85.54,50,B,best deals,Headphones,-0.57,Email,d4d3e0d4-d2cb-44b9-9309-31b55054654b,169.12,Signup,290
CAMPAIGN_264,Twitter,2025-05-28,5804,2658,696,7572.89,14558.67,67.26,0,A,best deals,Headphones,-0.43,Referral,63cab41f-33bb-4f0b-8b1b-2e98d5d44a25,10.92,Checkout,332
CAMPAIGN_265,LinkedIn,2024-11-30,11136,376,294,1787.73,6595.62,28.12,40,None,buy shoes,Laptop,-0.2,Search Engine,a7b9f6fc-4f5a-4bd6-bb35-c1eb7df21ef5,169.54,Purchase,161
CAMPAIGN_266,Facebook,2024-09-17,1009,1842,725,4153.83,19942.15,22.96,10,None,buy shoes,Backpack,0.62,Email,6be31fd4-6a41-4451-8079-cea74ddf3734,94.76,Purchase,311
CAMPAIGN_267,Facebook,2024-12-11,20255,1809,772,4284.62,19599.69,59.52,10,B,discount laptops,Phone,-0.97,Referral,8134fb73-03d3-4c03-acd7-bfbdd52b1631,47.43,Landing,287
CAMPAIGN_268,Instagram,2025-03-11,24793,1039,1260,8235.88,13191.45,85.11,30,None,new phones,Charger,0.3,Direct,f7301bef-dac1-4d81-97f7-458c23058ca5,31.09,Signup,17
CAMPAIGN_269,Email,2025-02-06,30548,2312,957,112.24,2770.56,79.1,0,B,discount laptops,Phone,0.34,Direct,5f61cfac-92d1-4f28-9ee5-418ef555aa22,190.89,Purchase,244
CAMPAIGN_270,Instagram,2024-10-02,38892,2532,390,3078.45,13799.85,67.31,0,A,latest gadgets,Phone,0.6,Referral,a20c100b-0ad2-474c-a893-c734c39ccd40,19.17,Purchase,570
CAMPAIGN_271,Twitter,2025-01-02,2015,1001,469,9814.24,2042.0,29.74,20,A,buy shoes,Charger,0.87,Email,52ed19fa-fe4b-4e95-8c0b-025180cd7afe,43.82,Checkout,311
CAMPAIGN_272,LinkedIn,2024-10-07,28712,772,1040,4801.38,781.41,37.8,0,B,best deals,Headphones,-0.96,Referral,9bd16201-b30c-464e-b01d-dcdcb175e534,72.83,Landing,47
CAMPAIGN_273,Instagram,2025-04-19,35961,2129,38,3887.01,16494.58,81.29,30,A,buy shoes,Charger,-0.69,Referral,cb3959c4-c152-4f66-9f2b-94149655f060,125.95,Add to Cart,145
CAMPAIGN_274,Facebook,2025-01-24,9415,2767,916,1286.31,4353.11,32.8,20,A,best deals,Phone,0.77,Search Engine,16eeec12-98d3-463f-9358-a4c97a5129d3,111.24,Landing,430
CAMPAIGN_275,LinkedIn,2024-12-02,47318,2382,1066,9744.23,7704.74,39.49,20,B,latest gadgets,Backpack,-0.08,Direct,f50df0d9-89e9-4cdf-a319-6bcb867d4c87,29.5,Add to Cart,228
CAMPAIGN_276,LinkedIn,2025-02-14,48280,478,888,298.26,19474.46,29.07,10,B,latest gadgets,Backpack,0.13,Search Engine,07cad3f1-e8f8-45be-b995-8d9c3bb65984,61.5,Signup,357
CAMPAIGN_277,Facebook,2025-02-26,24833,1550,88,7398.08,6869.44,67.33,10,A,buy shoes,Backpack,0.33,Search Engine,363b6264-54f1-4f84-b5bf-ac2d8d0cd756,51.56,Signup,555
CAMPAIGN_278,Instagram,2025-02-03,5158,335,956,7709.14,6070.5,86.08,0,None,best deals,Headphones,0.36,Referral,046036e6-a5b4-4a74-8cdf-6c20c968ae09,46.64,Purchase,88
CAMPAIGN_279,Facebook,2024-11-05,21309,2115,468,2512.2,18380.52,38.83,20,None,latest gadgets,Shoes,0.86,Search Engine,7a6384d1-544d-40a6-9346-774033547006,85.17,Signup,282
CAMPAIGN_280,Email,2024-09-21,7970,818,579,6748.43,2392.82,53.28,10,B,discount laptops,Charger,0.99,Direct,6b8ec2b6-5031-4f9c-8db4-619db514e0cf,142.29,Purchase,170
CAMPAIGN_281,LinkedIn,2024-09-07,7938,2687,1463,1020.0,15239.73,64.4,30,B,discount laptops,Backpack,0.44,Search Engine,e31a948a-14bd-41cf-9c2d-e8c78f4dbd7a,47.4,Landing,317
CAMPAIGN_282,Google Ads,2024-10-29,22168,1444,747,2644.77,19763.7,89.96,10,None,best deals,Charger,-0.43,Direct,7738a2f3-533d-49ec-a63c-4bc3838f535f,76.5,Signup,383
CAMPAIGN_283,Google Ads,2025-04-30,47540,243,1318,7900.23,18045.66,27.34,50,A,buy shoes,Backpack,0.76,Search Engine,5aa71397-3e50-4cb1-a324-9dd7645bb9b2,81.23,Landing,18
CAMPAIGN_284,Twitter,2025-04-22,21384,2599,525,8660.39,13103.02,54.9,50,None,latest gadgets,Headphones,-0.9,Direct,9ea2844b-9984-4479-850c-bd9e3bcbc2db,195.41,Landing,453
CAMPAIGN_285,Facebook,2024-07-31,19017,1037,1132,6124.02,6418.4,46.96,10,None,buy shoes,Shoes,-0.54,Search Engine,8b2898e7-6671-4e61-8e6b-dfd0a94155fb,191.16,Signup,122
CAMPAIGN_286,Facebook,2025-02-10,11344,1186,406,5117.7,5235.58,80.61,20,None,discount laptops,Shoes,0.79,Search Engine,03b09933-8a48-4beb-b4ee-820e329f7ffc,161.03,Landing,214
CAMPAIGN_287,Twitter,2025-03-02,41034,2211,48,1677.11,16421.25,53.32,20,None,latest gadgets,Backpack,-0.49,Email,7b551815-fb48-447a-84a6-80839cafd585,52.12,Signup,414
CAMPAIGN_288,Twitter,2024-10-02,9702,1751,1304,724.78,17620.47,27.77,40,B,buy shoes,Headphones,-0.56,Direct,a784640b-4aca-43ff-a3d2-7184ff5cc21a,18.27,Signup,206
CAMPAIGN_289,Twitter,2025-07-04,1384,996,896,1264.73,10603.61,64.41,50,B,new phones,Laptop,-0.72,Direct,b033934e-b8e2-41b7-b33f-2d77d281265e,66.8,Signup,124
CAMPAIGN_290,LinkedIn,2024-10-07,1404,880,806,2350.84,5037.93,73.95,30,A,best deals,Charger,0.72,Direct,47bcbd1e-8ce8-46df-8cba-96779559a86d,57.02,Add to Cart,130
CAMPAIGN_291,Email,2024-08-16,41943,1970,166,3482.58,2436.28,20.2,20,A,best deals,Charger,0.0,Social Media,260af264-27a9-487c-b70e-b04a058ae855,103.66,Landing,74
CAMPAIGN_292,Facebook,2024-08-05,48926,104,1108,3871.0,1926.15,80.13,0,A,new phones,Phone,0.35,Search Engine,44004b7e-c5d1-4cda-9369-1bf931385fec,156.66,Checkout,285
CAMPAIGN_293,LinkedIn,2025-05-11,30189,849,893,3528.59,14437.73,33.02,50,A,discount laptops,Headphones,-0.52,Direct,88be7e0e-3504-4bef-96bd-b189697487c6,172.37,Signup,248
CAMPAIGN_294,Twitter,2025-03-01,13763,827,1163,2466.65,8518.35,58.64,30,None,latest gadgets,Phone,0.52,Social Media,0f597a60-478f-4bc7-8a46-3391a6df0f19,169.75,Landing,311
CAMPAIGN_295,Facebook,2024-11-30,19384,1531,983,5146.27,18126.13,49.11,30,B,best deals,Backpack,0.52,Email,1d5a1658-e245-4de3-a54f-9da5389d59cd,75.14,Purchase,401
CAMPAIGN_296,LinkedIn,2025-06-29,33606,1951,1117,8270.33,14845.49,70.38,20,B,new phones,Phone,-0.37,Direct,40fda59c-c7fd-4179-ad7f-072d3c7171af,139.01,Signup,531
CAMPAIGN_297,Email,2024-11-19,10860,2259,1055,2869.07,3986.96,45.98,30,A,new phones,Shoes,-0.18,Direct,def0ca23-34b5-4dc1-9165-8b9a2e5065ca,66.0,Signup,378
CAMPAIGN_298,LinkedIn,2024-07-25,39757,2184,1492,9429.63,12352.79,80.88,20,A,discount laptops,Charger,-0.58,Social Media,f1b574af-60df-4748-9daf-14345c278ee5,16.88,Checkout,242
CAMPAIGN_299,Email,2024-10-26,16106,104,858,8746.03,8823.01,71.13,10,None,discount laptops,Phone,0.95,Search Engine,67eabcc7-06ff-4067-b5dc-932527ce3673,141.81,Add to Cart,204
CAMPAIGN_300,Twitter,2024-09-26,24574,1873,1415,1701.47,11629.54,65.34,50,None,buy shoes,Shoes,0.29,Email,6c11c6d9-87c1-4e26-9f75-0d1fbdbf6017,6.92,Add to Cart,21
CAMPAIGN_301,Email,2025-01-25,24524,1251,757,7884.13,14813.77,75.74,40,A,best deals,Headphones,0.87,Direct,268325e9-6ca3-4dbe-b15d-93357069658f,84.79,Signup,186
CAMPAIGN_302,Facebook,2024-09-06,4636,882,1473,5788.42,16162.68,72.78,10,B,buy shoes,Phone,-0.39,Search Engine,8b82dfc7-e37f-4c5e-a14c-9ba9298e42a9,69.23,Landing,226
CAMPAIGN_303,Twitter,2025-06-11,11916,362,998,5709.1,16906.0,22.52,50,B,new phones,Backpack,0.56,Email,0a0028a8-0749-4305-bfc2-3ea0ba0f9b4f,140.21,Purchase,20
CAMPAIGN_304,Facebook,2024-11-10,5809,2856,30,3971.32,5228.7,47.63,20,B,latest gadgets,Backpack,0.53,Referral,5b9eb5ec-a913-4bb8-b6cc-13ae37d674c8,154.42,Purchase,455
CAMPAIGN_305,Google Ads,2024-08-04,33201,1908,312,5061.41,816.09,85.16,50,A,latest gadgets,Backpack,0.38,Referral,c9246aa1-4c72-4e7b-adb7-d8010fe962bf,64.3,Landing,173
CAMPAIGN_306,Instagram,2024-10-12,14456,2057,878,4032.07,14838.04,28.8,20,B,discount laptops,Charger,0.93,Email,b921f8bd-3572-4f5e-aa88-3461ea7d1846,163.27,Signup,560
CAMPAIGN_307,Email,2024-09-03,49212,2056,93,5443.35,2305.61,71.6,10,None,latest gadgets,Phone,-0.21,Social Media,119c5aa6-9561-4a00-acf9-9378c40f730b,62.31,Purchase,62
CAMPAIGN_308,Instagram,2025-02-21,39765,2540,1486,6316.71,6435.41,88.22,0,None,latest gadgets,Headphones,-0.74,Email,33d9450d-8b47-4749-9fdd-24937898b232,92.03,Add to Cart,227
CAMPAIGN_309,Instagram,2024-12-15,35816,1840,1420,6775.61,275.58,23.65,0,A,latest gadgets,Phone,0.34,Email,a1298bb4-7e10-4e16-949f-8fcc443fb7b0,146.77,Landing,369
CAMPAIGN_310,Email,2024-10-28,46106,377,1290,5371.56,13697.06,67.75,50,None,new phones,Charger,0.46,Social Media,260437ab-0d9c-4657-b705-d00c785bd2d0,140.12,Checkout,394
CAMPAIGN_311,Twitter,2024-08-01,18100,2858,579,7242.08,3509.21,52.77,0,A,latest gadgets,Shoes,0.15,Social Media,ad06ac67-e2be-431d-957e-56d14484349c,197.54,Signup,65
CAMPAIGN_312,Google Ads,2024-10-05,22949,2676,943,1498.65,13174.59,60.54,20,B,latest gadgets,Charger,-0.59,Search Engine,e7ee6e32-6416-4176-94fb-d73e76b9250e,48.91,Landing,127
CAMPAIGN_313,Facebook,2025-04-26,5544,1337,1195,2198.63,19836.5,25.97,30,B,latest gadgets,Backpack,0.01,Search Engine,ceff0013-4452-4e83-8f48-a014440d0394,134.15,Purchase,262
CAMPAIGN_314,LinkedIn,2024-12-01,38744,2193,1196,8205.48,1638.88,23.01,20,B,buy shoes,Shoes,-0.38,Social Media,5081ffbf-e626-4c83-9782-f52704c4d60e,123.89,Signup,189
CAMPAIGN_315,Facebook,2025-07-15,46543,1161,1018,3293.03,1726.14,66.68,30,None,new phones,Backpack,-0.15,Referral,ca3bf8ae-4ba9-4292-8fd9-5a436ec1b091,183.44,Add to Cart,424
CAMPAIGN_316,LinkedIn,2024-09-15,43783,1361,802,326.65,6939.53,77.63,10,A,discount laptops,Laptop,0.29,Referral,8b39211c-92a4-4f6d-a766-71f70a539f7b,35.49,Signup,244
CAMPAIGN_317,Facebook,2025-05-12,27657,2911,801,1622.53,17354.45,74.74,40,B,buy shoes,Charger,0.49,Email,15d22a81-c67d-4c88-badd-a8ec85adac47,151.6,Signup,89
CAMPAIGN_318,Email,2025-05-17,37187,2588,1304,2313.78,4467.49,58.07,30,A,best deals,Charger,-0.54,Direct,bdc6c402-1ef5-42fc-bc15-67468b03299b,115.81,Add to Cart,31
CAMPAIGN_319,Google Ads,2024-08-31,48198,501,501,9577.5,7335.48,26.99,0,B,new phones,Headphones,-0.19,Email,2bbdd3f2-ecb1-4295-9c5b-6250f35e8c0d,58.56,Add to Cart,486
CAMPAIGN_320,LinkedIn,2025-07-18,8239,1573,217,5773.11,1556.41,68.16,20,None,new phones,Phone,-0.46,Email,f3dd808e-d8af-4fee-8443-f85833b7fcbe,97.51,Signup,449
CAMPAIGN_321,Twitter,2024-12-01,15489,214,1093,9334.03,15310.47,36.93,10,None,best deals,Shoes,-0.6,Direct,ed0c8048-925d-4477-8cbe-78bbecdb94dc,70.09,Add to Cart,579
CAMPAIGN_322,Facebook,2025-03-30,44125,231,439,5794.12,8284.47,83.77,0,A,best deals,Shoes,0.57,Social Media,32532b99-6793-4762-b72d-cc2a51c523b7,117.97,Landing,102
CAMPAIGN_323,Facebook,2025-04-04,29538,2566,994,4845.61,15233.12,78.68,10,None,best deals,Headphones,0.82,Referral,5bafe6b8-2da3-4c65-8a09-020699c5156d,178.36,Add to Cart,201
CAMPAIGN_324,LinkedIn,2025-03-09,33049,959,1342,3205.9,18091.44,69.66,40,None,discount laptops,Headphones,-0.26,Email,33278405-fe0a-418f-9167-5c83fdf295b9,116.01,Add to Cart,112
CAMPAIGN_325,Twitter,2025-04-14,38131,2832,529,6103.07,4808.71,86.42,20,A,latest gadgets,Phone,0.5,Direct,3fd5fd5f-b632-470a-8bfc-9b479db90784,128.19,Signup,405
CAMPAIGN_326,Twitter,2025-06-30,43944,872,600,1478.06,16186.44,22.2,50,B,new phones,Backpack,0.79,Search Engine,a2410a85-5ec8-40d6-b955-d0fe024203dd,106.16,Landing,16
CAMPAIGN_327,Email,2025-06-06,9427,993,1060,8992.79,1370.06,71.53,20,None,latest gadgets,Phone,0.69,Email,0a1fd1bf-a3d9-49c3-8471-f43cd4d756f6,14.98,Checkout,576
CAMPAIGN_328,Email,2024-08-21,42348,2051,208,8310.39,17997.18,43.12,40,A,latest gadgets,Charger,-0.63,Referral,63b995e6-14bc-4789-9dae-4f63db0058e3,50.41,Checkout,240
CAMPAIGN_329,Email,2024-08-09,25285,2104,396,3243.56,13085.22,83.42,20,None,best deals,Backpack,0.91,Social Media,18d7d625-3f38-454a-b2d5-c75a11d36b69,100.94,Purchase,583
CAMPAIGN_330,Email,2025-05-18,38626,379,358,9532.7,17509.69,38.67,50,None,discount laptops,Laptop,-0.25,Email,5d7495b9-9b4b-45dd-8069-1f4dff22110b,65.5,Add to Cart,249
CAMPAIGN_331,Email,2025-07-07,43808,824,969,8269.49,203.73,70.74,30,None,buy shoes,Phone,-0.32,Email,83b3c7cb-a100-43f4-9970-03a7a4847be8,40.44,Add to Cart,99
CAMPAIGN_332,Email,2025-04-07,23928,2248,702,6696.44,3547.81,81.44,10,None,discount laptops,Headphones,-0.88,Direct,3dbfcd5d-7df7-4a8d-a12f-54383e6bcedc,103.31,Landing,241
CAMPAIGN_333,Google Ads,2024-09-25,20198,196,387,1305.44,7917.24,22.92,50,A,latest gadgets,Backpack,-0.03,Search Engine,0d677cea-f139-492b-b4da-859f3a9011d5,67.95,Checkout,466
CAMPAIGN_334,Twitter,2025-07-08,20758,964,908,4834.52,7714.16,47.84,0,A,discount laptops,Phone,-0.78,Search Engine,61a4a678-3f5c-47d1-9c05-18bd4702c566,55.33,Purchase,242
CAMPAIGN_335,Email,2024-11-10,16254,1621,925,5110.46,4689.26,73.36,40,A,best deals,Shoes,-0.5,Social Media,036b45e1-0fe0-412c-b630-3d7e39226de9,95.48,Landing,363
CAMPAIGN_336,Twitter,2024-11-07,45238,1358,536,2402.26,7755.92,51.84,30,None,buy shoes,Laptop,-0.37,Referral,3a96909e-5d4e-40d8-9e6b-aace1832d0ec,30.99,Add to Cart,342
CAMPAIGN_337,Twitter,2024-08-05,2252,2797,1186,891.66,2751.2,38.71,0,None,best deals,Charger,0.62,Social Media,65a0cfc0-2a38-4630-969d-9bfd2e7deb99,185.91,Checkout,448
CAMPAIGN_338,Instagram,2025-07-17,40764,131,743,7789.56,8372.67,35.39,0,None,buy shoes,Shoes,0.75,Email,9b1abf25-d620-4599-a51a-f3417c28662f,174.2,Purchase,384
CAMPAIGN_339,Google Ads,2024-08-30,13173,563,215,1308.15,16086.62,29.21,40,A,latest gadgets,Shoes,-0.4,Email,3d8273cf-44d4-4399-8284-8448f8fca0ad,142.99,Signup,301
CAMPAIGN_340,Email,2024-08-05,38441,1970,464,5983.48,9685.59,80.0,30,None,buy shoes,Laptop,0.72,Search Engine,ca28131d-9bcb-464f-b5bd-4afe069586c3,25.71,Checkout,354
CAMPAIGN_341,Facebook,2025-05-11,27698,2912,1306,9370.85,556.4,60.27,0,B,buy shoes,Charger,0.71,Referral,6a96e8b8-4e8a-477d-ba9a-52b066d73a41,156.3,Purchase,437
CAMPAIGN_342,LinkedIn,2025-04-26,16781,2806,1269,8773.44,8544.59,25.35,0,None,buy shoes,Headphones,0.53,Direct,bc621599-cd36-4d13-af89-9028118aa50e,162.55,Landing,139
CAMPAIGN_343,Facebook,2024-09-08,14051,1989,530,2849.75,738.07,46.78,30,B,discount laptops,Backpack,-0.71,Referral,9b7bde0c-4eb6-4c9d-8411-7cf06f8cd357,154.71,Signup,150
CAMPAIGN_344,Google Ads,2024-09-11,40649,795,1026,8529.34,19331.62,45.74,20,None,discount laptops,Charger,0.38,Email,6deeeaf2-ed90-42d5-89b8-57fb13a81991,27.22,Purchase,424
CAMPAIGN_345,LinkedIn,2025-06-18,7949,1459,965,103.29,2723.59,32.72,0,A,latest gadgets,Phone,0.89,Direct,1711cf7f-59e7-4d44-af14-b4998570bd3d,130.56,Purchase,102
CAMPAIGN_346,Google Ads,2024-10-21,43289,756,735,275.11,14212.23,50.49,10,None,buy shoes,Shoes,0.37,Referral,2a2eca48-2983-4360-bc31-e2f014ce6f89,167.69,Add to Cart,293
CAMPAIGN_347,Twitter,2025-07-18,9017,520,1023,6065.28,19460.97,43.25,30,B,new phones,Phone,-0.34,Referral,7e78f505-0533-41f1-8b92-a552a5dc8b44,117.58,Checkout,232
CAMPAIGN_348,LinkedIn,2024-08-27,7941,445,510,3711.5,16555.57,43.93,0,B,latest gadgets,Headphones,0.0,Direct,691de8ec-1ab3-48fa-a14d-d428f08b9cce,131.05,Add to Cart,472
CAMPAIGN_349,Twitter,2024-11-07,26934,1605,126,3925.96,14046.44,71.73,40,None,buy shoes,Phone,0.29,Email,32a7dc27-96ab-40be-b652-2f0978c95c61,94.38,Signup,554
CAMPAIGN_350,Facebook,2025-01-07,24386,2358,395,5687.97,16821.33,35.63,50,B,buy shoes,Charger,0.02,Referral,3adca06a-c3cc-457d-89f3-81161e25514b,108.1,Purchase,285
CAMPAIGN_351,Facebook,2024-10-29,11209,854,1377,1998.65,19639.61,64.93,10,B,discount laptops,Phone,-0.76,Direct,c0ecf5bf-52c7-40ab-8aa6-7390c3de5c7e,11.7,Add to Cart,149
CAMPAIGN_352,LinkedIn,2025-04-06,18715,983,593,2196.38,12502.62,59.95,50,A,latest gadgets,Headphones,-0.38,Email,d98b79fb-0b6d-4835-aaac-a1334eeb7d83,129.6,Checkout,366
CAMPAIGN_353,LinkedIn,2024-10-18,29920,1329,404,4897.56,11271.86,59.77,50,None,buy shoes,Headphones,0.6,Direct,4d96ceb1-bf30-43be-b838-60e917a99617,20.88,Signup,32
CAMPAIGN_354,Email,2025-01-27,32703,1807,1097,7567.11,12639.11,66.41,0,None,buy shoes,Headphones,0.72,Direct,30b17873-988f-4362-947c-0adf7c690799,89.83,Landing,279
CAMPAIGN_355,Google Ads,2024-08-06,43318,954,730,6233.03,10746.98,58.39,10,None,latest gadgets,Charger,-0.73,Referral,313f1936-db6c-4360-a4a6-e798e4d48c35,62.07,Add to Cart,342
CAMPAIGN_356,Email,2024-10-13,5637,1126,81,3043.81,12774.76,81.55,10,B,new phones,Headphones,0.9,Email,76451b5a-afc4-41a9-b3bd-fe55f530f47f,111.36,Signup,94
CAMPAIGN_357,Google Ads,2024-10-08,5854,1940,283,4360.34,9106.88,67.29,20,None,latest gadgets,Shoes,-0.34,Referral,05ab9c41-da10-4aef-b4df-b4163b003894,31.02,Landing,40
CAMPAIGN_358,Email,2024-10-06,44088,1573,1353,1789.58,4525.18,58.29,50,None,latest gadgets,Headphones,0.32,Social Media,2b0c82a9-1fb0-4fb4-b07a-58141dbdb97b,139.87,Add to Cart,249
CAMPAIGN_359,Twitter,2025-06-19,38660,2951,347,838.84,2580.9,78.08,10,A,new phones,Phone,0.5,Social Media,3c1780c3-20ce-498d-b206-d3d61d80b26a,160.03,Signup,372
CAMPAIGN_360,LinkedIn,2025-07-15,40811,1437,1399,7848.69,1553.15,62.43,20,A,latest gadgets,Backpack,0.62,Email,08a52b31-ffcc-4277-b344-0663d437eab9,36.85,Signup,398
CAMPAIGN_361,Facebook,2025-03-11,20856,1353,616,2727.34,5413.65,40.38,30,A,buy shoes,Phone,0.89,Direct,c3e6950c-3779-4cd7-883c-3e534f2d4000,25.34,Add to Cart,308
CAMPAIGN_362,Google Ads,2024-11-22,22833,642,175,1859.89,1113.25,34.5,20,B,latest gadgets,Backpack,-0.37,Referral,1c55994d-33d1-4c44-b613-7d8c7529e73e,33.38,Signup,380
CAMPAIGN_363,Google Ads,2025-06-10,20963,2811,20,6947.02,11429.98,30.66,40,None,new phones,Phone,0.72,Referral,596acd20-6ad0-4b29-80dd-c6e3559a34dd,176.04,Purchase,108
CAMPAIGN_364,Facebook,2025-02-05,37932,2729,1334,6218.71,5819.8,82.96,0,A,best deals,Charger,-0.74,Email,73a47783-bb00-444b-91e4-94e8420dbb3d,108.0,Add to Cart,56
CAMPAIGN_365,Email,2025-02-08,28169,2156,738,6368.58,16525.79,69.71,30,A,latest gadgets,Phone,0.41,Email,cbf6d743-7265-4167-8748-50774f308a01,96.12,Signup,431
CAMPAIGN_366,Google Ads,2024-09-28,8941,177,810,2366.06,1669.97,85.62,30,A,discount laptops,Charger,0.48,Social Media,356e6d99-e2b1-4b22-9a20-03422735b63d,25.81,Landing,489
CAMPAIGN_367,Twitter,2025-03-12,15388,785,111,2403.19,4681.76,62.23,40,None,buy shoes,Charger,0.36,Search Engine,5aee55f2-9d52-4acb-a2f5-828ba4a31147,131.66,Landing,588
CAMPAIGN_368,LinkedIn,2025-02-05,6569,2818,1458,2285.95,14658.87,53.14,20,None,buy shoes,Headphones,-0.5,Email,a2383e8c-f780-41e4-9206-5cbe468b7be9,174.26,Purchase,71
CAMPAIGN_369,Facebook,2025-06-10,5300,2623,1425,1820.15,12056.4,24.18,0,None,discount laptops,Shoes,0.75,Search Engine,6cbb1a33-0582-492d-b758-30543aebeb50,166.5,Add to Cart,118
CAMPAIGN_370,LinkedIn,2024-10-07,40037,570,788,6591.66,1476.93,67.01,20,B,discount laptops,Backpack,-0.66,Email,8c4bebed-9cb2-4778-8586-c6e0603b3a04,127.08,Signup,558
CAMPAIGN_371,Google Ads,2024-08-10,37586,2649,223,8495.36,17569.34,60.75,10,B,latest gadgets,Headphones,-0.89,Direct,c052b030-49d5-4466-8ca3-595bb465cc2f,19.68,Signup,128
CAMPAIGN_372,Google Ads,2025-04-24,13015,286,1121,7270.74,17569.78,89.31,20,A,discount laptops,Headphones,0.43,Direct,0915914e-4067-4b20-a3ca-48c5b6cc2b28,26.92,Landing,391
CAMPAIGN_373,Facebook,2025-03-14,46002,1354,410,7941.73,6742.08,36.74,30,None,best deals,Charger,-0.05,Social Media,f88be2bd-75bd-4607-8f9e-4bd016022887,14.62,Purchase,401
CAMPAIGN_374,Twitter,2024-11-06,7254,1831,597,4107.5,6940.04,57.15,0,A,new phones,Charger,0.7,Social Media,328f7c4b-41b4-45d8-ac80-e99d31f2f0a6,55.21,Landing,61
CAMPAIGN_375,Instagram,2025-02-17,18144,1351,898,6575.35,19782.76,65.57,20,None,discount laptops,Backpack,-0.23,Search Engine,32ff9164-626b-49ea-a2ed-7d3fb252b3d1,31.45,Landing,298
CAMPAIGN_376,Facebook,2025-06-19,25214,2591,1079,3606.94,12598.29,65.12,0,None,discount laptops,Phone,-0.66,Email,802eb548-7f59-4a4f-95b5-3c3f1a6eff43,55.71,Purchase,346
CAMPAIGN_377,Instagram,2024-11-12,41118,2101,1496,5302.5,10720.07,59.29,0,None,best deals,Phone,0.67,Referral,2d7fde1a-9b93-45e4-95d5-1071a9b39e14,80.09,Add to Cart,213
CAMPAIGN_378,Email,2025-02-14,16183,2763,601,4868.18,16795.41,74.38,10,B,buy shoes,Headphones,0.1,Social Media,bed27726-712d-4291-9b7f-19afb5a49302,188.88,Signup,247
CAMPAIGN_379,Instagram,2025-03-01,7238,491,1343,1851.18,5848.75,34.35,10,B,buy shoes,Laptop,-0.62,Referral,7c7b3cd9-fe07-4254-abf6-bd8fdc52fb21,124.02,Add to Cart,391
CAMPAIGN_380,Twitter,2024-11-05,7090,2126,1119,3932.08,8697.82,70.79,30,None,latest gadgets,Laptop,0.44,Referral,ba12a293-6d9b-4f92-b73e-04a73457b7fe,167.82,Checkout,145
CAMPAIGN_381,Email,2024-09-01,12637,2707,101,9641.84,5501.98,63.38,40,A,best deals,Phone,0.02,Email,1e6dc6c8-5812-40d6-ac56-e6eb75627352,143.52,Checkout,416
CAMPAIGN_382,Instagram,2024-12-27,23415,854,682,2560.94,15825.38,82.73,0,None,new phones,Laptop,0.21,Search Engine,182d4504-cb40-48d5-8c6e-94d1ccfbcf53,26.94,Checkout,517
CAMPAIGN_383,Email,2024-10-23,25071,124,723,1424.66,11552.32,79.3,40,None,new phones,Phone,-0.08,Email,34ca507b-11a1-476c-a069-5fb8852984ac,148.5,Purchase,371
CAMPAIGN_384,Instagram,2025-03-21,46415,2935,945,4243.95,13244.74,42.06,30,A,best deals,Charger,0.66,Social Media,d1b22295-4c63-40d7-8650-39885a32802d,58.64,Landing,390
CAMPAIGN_385,Twitter,2025-03-09,43679,2225,251,7924.34,5195.68,39.34,0,None,new phones,Headphones,0.66,Referral,3853dfaa-52b6-48cf-8421-c3491f22818f,129.63,Add to Cart,585
CAMPAIGN_386,Instagram,2025-03-21,42240,2139,11,5863.27,4560.46,88.72,0,A,buy shoes,Shoes,0.42,Email,868430d5-5b5f-411c-bac1-3290ef7516b3,71.49,Signup,263
CAMPAIGN_387,Instagram,2025-06-23,19271,1429,234,6841.65,9869.82,56.91,50,B,new phones,Headphones,-0.79,Email,e24370cb-09f3-4458-addb-1d39e1dce14c,199.55,Checkout,486
CAMPAIGN_388,Instagram,2024-09-20,37034,90,810,1977.98,14803.8,83.45,40,B,new phones,Phone,0.68,Email,b630ed97-92c0-4fb3-9ca4-271d642af20d,56.39,Add to Cart,123
CAMPAIGN_389,Facebook,2025-01-17,34434,2131,598,6227.59,10599.75,31.47,20,A,best deals,Phone,0.34,Social Media,71b1b3b1-aa88-46b2-9892-6f59dece2e4b,59.43,Checkout,29
CAMPAIGN_390,Facebook,2025-05-31,5188,1750,125,3302.65,846.38,65.0,10,B,best deals,Headphones,0.39,Search Engine,5ef44136-6678-4e4b-a2bc-b39546e91025,186.48,Checkout,537
CAMPAIGN_391,Facebook,2025-03-27,11161,1451,927,8359.6,17397.32,76.69,20,B,new phones,Backpack,-0.27,Email,8dc41e53-d8ce-43f4-8220-46e6d9639208,9.81,Signup,154
CAMPAIGN_392,Twitter,2025-07-10,29732,637,1136,6330.06,1480.8,86.32,40,A,discount laptops,Phone,0.76,Social Media,86102e38-f8bf-41b0-a4b7-7172305d90b6,140.85,Purchase,217
CAMPAIGN_393,Email,2025-01-11,12314,1672,203,2068.68,19125.32,43.61,10,B,best deals,Laptop,0.45,Referral,1b8899e8-8f9c-4dbf-aadb-07d33cada9db,146.44,Landing,540
CAMPAIGN_394,Google Ads,2025-06-29,24954,391,1199,739.71,697.81,70.75,20,None,latest gadgets,Laptop,-0.77,Direct,2bdab9a8-f15c-4cad-a31c-b6b9f802da38,168.09,Purchase,385
CAMPAIGN_395,Instagram,2025-06-13,22508,2124,880,522.07,13950.12,57.72,50,None,latest gadgets,Phone,-0.18,Social Media,9595bc36-a5a8-471d-815b-075518c64be2,195.02,Add to Cart,513
CAMPAIGN_396,Instagram,2024-12-19,22969,695,99,3776.94,1827.7,24.24,10,A,buy shoes,Phone,0.77,Direct,2b4ec85e-aae3-442a-878d-805770c127a7,195.24,Purchase,175
CAMPAIGN_397,Twitter,2024-11-01,46659,780,131,2731.93,18231.4,68.3,0,B,new phones,Backpack,-0.91,Email,df38362c-a429-4957-8212-aa90565ddcf6,17.73,Add to Cart,559
CAMPAIGN_398,Instagram,2024-10-27,38545,217,152,6496.29,9395.78,68.31,20,None,discount laptops,Laptop,0.92,Email,86b8e941-54a0-43ce-b02f-70831a61c934,165.26,Add to Cart,190
CAMPAIGN_399,Facebook,2025-01-22,37668,659,1003,5043.4,2922.97,85.14,10,None,buy shoes,Phone,0.36,Social Media,dcc0afda-0d0d-4fd2-b554-b3c3e858ec6c,131.03,Landing,453
CAMPAIGN_400,Google Ads,2025-05-30,24061,2365,115,2733.59,6948.15,54.81,50,B,new phones,Phone,0.26,Direct,c92361ab-47f9-417c-9516-652d368b8151,131.23,Signup,341
CAMPAIGN_401,LinkedIn,2025-01-23,14716,1822,896,1577.45,3463.53,36.12,10,B,best deals,Backpack,-0.46,Email,ff71f211-147f-4cfa-8201-ed4426aa168e,30.03,Landing,512
CAMPAIGN_402,Instagram,2024-08-27,40749,2090,437,1359.28,3577.52,23.12,10,None,latest gadgets,Backpack,-0.5,Referral,5a2f7b60-3a84-487e-bd5e-caac66440338,131.79,Purchase,88
CAMPAIGN_403,Facebook,2024-07-25,40144,2918,1338,8660.14,18972.54,49.09,50,None,discount laptops,Headphones,0.88,Search Engine,dd7a7d42-eed7-4279-885f-e96e197dd333,196.58,Add to Cart,594
CAMPAIGN_404,LinkedIn,2024-11-11,17907,504,326,2510.43,9015.87,41.13,20,A,latest gadgets,Backpack,-0.4,Search Engine,85e7620f-435e-4e13-940c-797110c16050,182.8,Checkout,405
CAMPAIGN_405,Google Ads,2024-11-08,19777,1758,644,6551.94,15818.28,73.28,30,A,best deals,Shoes,0.55,Email,b93b7708-1687-45ca-bbb8-344f7833a7be,90.63,Checkout,112
CAMPAIGN_406,LinkedIn,2024-10-14,28693,751,18,8125.79,12864.19,44.8,20,None,new phones,Laptop,-0.21,Direct,69baafb1-b22d-4153-86c7-66efc435ef28,12.79,Add to Cart,411
CAMPAIGN_407,Facebook,2025-02-06,43928,2731,783,6179.4,13593.24,86.43,40,A,best deals,Headphones,-0.72,Email,4a44be06-6002-4e27-b4d0-e9afb2c2bdb4,75.65,Landing,233
CAMPAIGN_408,Email,2025-01-03,27329,1649,1106,8609.7,2807.53,87.36,50,None,best deals,Shoes,-0.98,Direct,dd5f26e0-b048-4162-b125-1a1cac14a1df,166.15,Signup,527
CAMPAIGN_409,Email,2025-01-24,47892,179,1392,3984.7,4836.85,63.46,20,None,latest gadgets,Phone,0.09,Referral,4fb0a5b2-f34a-41e3-8463-924c2b45d58d,141.79,Landing,245
CAMPAIGN_410,LinkedIn,2024-11-22,17282,1895,232,9566.6,15777.66,85.01,10,A,discount laptops,Phone,0.95,Direct,ffa3cfc1-3fdb-44b7-9676-0740c1494f4a,94.57,Add to Cart,436
CAMPAIGN_411,Twitter,2024-10-24,24624,1436,1449,1418.14,19421.17,73.26,50,A,best deals,Headphones,-0.26,Email,f3c2c2e9-b497-4899-a12d-7a05f5d40b98,15.74,Add to Cart,125
CAMPAIGN_412,LinkedIn,2024-12-04,24321,2916,562,1111.28,5400.98,58.28,0,B,latest gadgets,Backpack,-0.29,Referral,04788494-51d6-46f4-82c5-f9e5cfb7c9d2,88.24,Signup,172
CAMPAIGN_413,Instagram,2024-08-29,11488,742,1403,6621.05,5577.06,32.62,20,B,discount laptops,Phone,-0.31,Social Media,69e71558-0f68-4444-9f04-b341115d8c61,96.46,Purchase,235
CAMPAIGN_414,Instagram,2024-08-16,23574,1444,725,9434.03,9563.36,52.1,50,B,new phones,Charger,0.04,Search Engine,5108f017-5dc6-446a-af39-7adb398f42b4,186.07,Purchase,239
CAMPAIGN_415,Email,2024-09-12,6240,843,1297,8107.95,19680.04,59.26,20,None,new phones,Headphones,-0.12,Email,77137b17-9554-4d80-aa76-c0778b9682a5,130.01,Signup,191
CAMPAIGN_416,Twitter,2025-01-28,44221,78,1351,856.53,5525.39,80.48,50,A,buy shoes,Shoes,0.76,Email,a437e18a-567f-49ad-b64a-abea683c8bf9,65.77,Purchase,258
CAMPAIGN_417,Facebook,2024-08-10,11478,198,1117,2865.74,8258.04,53.69,10,None,latest gadgets,Headphones,0.01,Email,6db8bdf3-6118-4964-a8b9-d118107389f3,107.44,Checkout,327
CAMPAIGN_418,Instagram,2024-09-15,46162,1369,1351,9310.16,17851.3,82.84,0,A,discount laptops,Laptop,0.02,Referral,43c952e0-1567-4bc8-a234-2b7740449fea,17.88,Purchase,219
CAMPAIGN_419,Email,2024-11-20,20262,2108,120,2605.28,257.84,67.2,0,None,best deals,Backpack,-0.72,Social Media,9f6e6dc8-0abc-4e07-9f5c-2fa2e95d486d,194.65,Purchase,401
CAMPAIGN_420,Google Ads,2025-03-03,5432,2773,260,7833.59,987.37,29.59,40,B,new phones,Backpack,0.97,Direct,67cb2781-2c04-4f4d-9fbc-6ec05100bc72,75.21,Purchase,105
CAMPAIGN_421,Email,2025-07-13,30721,1186,392,8268.81,12160.62,89.65,50,B,discount laptops,Headphones,-0.5,Social Media,3e0f34af-ed99-4e4c-9917-f0ce2a9af96d,98.18,Checkout,95
CAMPAIGN_422,Instagram,2024-11-20,14568,236,16,5004.98,18166.13,56.91,20,B,latest gadgets,Phone,-0.85,Referral,10e383fc-7711-46a5-965f-3f49556a9fe3,74.28,Purchase,424
CAMPAIGN_423,Instagram,2024-09-07,15178,2904,468,3924.85,4929.36,47.43,0,None,buy shoes,Phone,0.33,Email,7e08fcdf-7c14-4a91-b2af-b49eecdbecb8,138.09,Checkout,403
CAMPAIGN_424,Email,2024-09-15,23195,2841,1117,4556.23,9498.91,66.14,0,A,new phones,Charger,0.19,Search Engine,4354cce5-d1b9-49bf-afab-8ae4a88a0c6c,134.14,Signup,510
CAMPAIGN_425,Facebook,2024-09-16,1302,1300,217,2346.95,9119.21,27.62,30,A,discount laptops,Charger,-0.17,Email,0be9054a-c6b7-4695-a068-2999d431e3e8,144.49,Landing,591
CAMPAIGN_426,LinkedIn,2024-12-11,18022,1383,909,8904.97,9564.83,64.56,30,B,discount laptops,Backpack,-0.16,Direct,fd66a175-a487-4478-bd6f-19eae63863cd,57.29,Signup,142
CAMPAIGN_427,Instagram,2025-05-08,1055,147,1423,4561.13,12525.89,54.88,0,B,discount laptops,Charger,0.57,Search Engine,7d6ab7d1-25b0-423a-877e-68c87bc0f051,66.56,Landing,323
CAMPAIGN_428,Email,2025-04-07,46781,104,1347,8836.35,9500.93,48.47,50,B,latest gadgets,Shoes,-0.61,Email,b86c4a73-ef18-4191-b5cf-4a2f70f9b2e0,29.42,Signup,230
CAMPAIGN_429,Email,2024-12-05,9717,2720,31,1146.37,9059.87,86.71,40,B,latest gadgets,Charger,0.64,Search Engine,dd7bf03a-2844-4956-8738-49eea51d2056,132.82,Landing,447
CAMPAIGN_430,Twitter,2024-09-17,29699,2761,419,9883.93,9590.91,56.58,0,A,latest gadgets,Shoes,0.3,Social Media,1fda09a0-8e66-4392-b21c-7f2a57473829,12.76,Landing,55
CAMPAIGN_431,LinkedIn,2025-06-28,9150,807,904,4488.4,11899.18,35.34,10,None,best deals,Charger,-0.16,Referral,ad9e329f-a94f-48f6-9e73-643b7892c916,121.55,Add to Cart,201
CAMPAIGN_432,Google Ads,2024-12-27,3125,455,524,573.53,10832.75,52.13,20,None,discount laptops,Backpack,-0.08,Email,b9525d8f-35f2-4966-9faa-e4138223e8b0,174.59,Landing,529
CAMPAIGN_433,Facebook,2025-02-22,45247,2166,1160,476.42,17111.89,84.36,40,None,new phones,Backpack,-0.49,Direct,acee30e3-7bd1-44c2-bfb0-a66020828153,178.71,Landing,388
CAMPAIGN_434,Google Ads,2024-11-22,49513,1362,818,7487.45,1180.04,32.33,10,None,latest gadgets,Shoes,0.5,Social Media,b878badc-4c3a-4034-81d2-c3f1a7e213fe,92.56,Add to Cart,343
CAMPAIGN_435,LinkedIn,2024-11-11,17748,1835,883,6624.45,16699.68,34.98,40,B,latest gadgets,Headphones,0.03,Email,2392c294-23ce-484c-96a1-c1a137f7924c,94.56,Purchase,48
CAMPAIGN_436,LinkedIn,2024-12-12,40577,800,23,8041.09,16909.71,20.91,10,B,discount laptops,Backpack,-0.36,Social Media,30fb71c1-d713-4f69-b519-015bf4975a66,20.01,Purchase,302
CAMPAIGN_437,LinkedIn,2024-09-05,5621,1812,980,1143.14,5841.18,20.99,20,B,latest gadgets,Headphones,0.19,Direct,669f763a-33ab-4292-8e4a-305f3c2b9884,135.8,Add to Cart,171
CAMPAIGN_438,Google Ads,2024-12-29,16034,414,987,452.15,9364.47,78.06,20,None,best deals,Phone,0.99,Email,f24f39ac-8dc6-40fc-99de-8ef42959c78e,165.15,Checkout,340
CAMPAIGN_439,LinkedIn,2024-10-15,47391,2076,1023,5134.93,8883.06,71.25,30,B,best deals,Shoes,-0.13,Direct,e2f98645-55b3-497c-ba41-ac475b91a621,52.71,Landing,113
CAMPAIGN_440,Email,2025-05-11,6126,531,1045,3937.19,4526.49,44.85,50,B,latest gadgets,Backpack,0.84,Search Engine,f6e05c0c-4d53-472c-9b4f-90db4b7feb1a,87.15,Landing,170
CAMPAIGN_441,Google Ads,2025-03-20,6122,2298,96,4673.27,8056.58,68.88,10,A,discount laptops,Laptop,-0.31,Direct,8e3ebdec-9e15-452a-ace9-1302e797e75c,168.57,Add to Cart,63
CAMPAIGN_442,LinkedIn,2024-11-27,19030,203,918,9916.73,1078.88,47.66,30,A,discount laptops,Phone,-0.89,Search Engine,55743dad-bb53-430c-8f2b-921d9676384f,176.04,Add to Cart,43
CAMPAIGN_443,Email,2025-02-10,18302,1574,1334,9710.42,5700.88,86.7,10,B,discount laptops,Headphones,-0.59,Email,2f69fd47-b21e-4e93-826e-774d5ed5de89,52.42,Checkout,251
CAMPAIGN_444,Twitter,2024-10-25,20181,2170,1276,9428.92,16370.31,87.69,30,A,buy shoes,Backpack,-0.16,Search Engine,ec88b193-dee3-4196-9527-9a8b9fa4611e,112.36,Purchase,122
CAMPAIGN_445,LinkedIn,2025-01-12,39638,2810,131,7860.04,5834.33,47.5,20,A,latest gadgets,Shoes,-0.56,Email,d88b50ce-3354-46a6-b86a-8b1e811829e7,42.54,Signup,327
CAMPAIGN_446,Google Ads,2024-09-29,2531,2393,1180,3612.93,16400.49,79.8,40,B,discount laptops,Charger,-1.0,Email,3bc31634-befe-4f13-ac5a-f1fd07ecb323,24.87,Purchase,32
CAMPAIGN_447,Instagram,2024-10-26,41940,1090,759,4180.1,10725.67,74.12,30,B,best deals,Laptop,0.83,Referral,5d002708-aa3a-4876-b146-b386942e6dfc,182.67,Landing,567
CAMPAIGN_448,LinkedIn,2025-03-12,41441,1714,1389,5541.2,17621.28,41.7,10,B,new phones,Headphones,0.69,Email,a1a9bec6-cf04-4b15-b8fa-09e728594660,165.0,Add to Cart,127
CAMPAIGN_449,Instagram,2025-04-14,24333,1290,694,8322.29,11580.64,36.24,10,B,new phones,Phone,0.48,Search Engine,673305eb-d0c5-4ddd-9acb-f6b3688891ee,153.21,Checkout,221
CAMPAIGN_450,Email,2024-11-17,40650,110,318,780.26,787.43,52.08,50,None,discount laptops,Shoes,-0.66,Referral,b0b3ce28-dfdc-4cef-946f-3a182ae7aa15,14.51,Purchase,427
CAMPAIGN_451,Twitter,2024-10-26,35674,988,704,4300.54,13573.32,74.69,20,None,new phones,Laptop,-0.76,Referral,9d88d928-ee29-449a-95b5-46e7706e659e,169.53,Checkout,122
CAMPAIGN_452,Facebook,2025-03-25,36854,1689,297,917.91,1088.1,87.21,10,B,new phones,Shoes,-0.86,Email,a1be3157-a03c-4604-9737-8279e32a9d70,90.42,Purchase,53
CAMPAIGN_453,Twitter,2025-06-05,47271,2139,316,5195.11,9121.82,73.45,0,A,buy shoes,Backpack,0.45,Direct,01d57ce2-bc69-4698-8607-3b2cc1752ec8,71.77,Landing,137
CAMPAIGN_454,LinkedIn,2025-04-13,9152,74,923,8999.12,18602.65,79.86,40,B,best deals,Charger,0.86,Direct,1fab62cf-ab88-4fe1-932e-93a0fa87b593,111.56,Signup,167
CAMPAIGN_455,Instagram,2024-12-31,39518,1112,671,7846.6,3471.04,62.21,30,B,best deals,Phone,-0.14,Referral,3786f56e-8ef8-448f-b543-375a96af1a8a,22.81,Checkout,403
CAMPAIGN_456,Instagram,2025-06-27,46540,180,558,2355.64,7919.47,78.48,50,A,buy shoes,Shoes,-0.76,Email,f5804819-3840-481d-851d-b2f4a20bdebc,152.55,Checkout,521
CAMPAIGN_457,Google Ads,2025-07-11,11267,1302,1385,9762.31,14651.23,74.91,40,None,buy shoes,Headphones,0.02,Direct,b98f25a2-1af8-4339-95e2-f67899d2d92d,118.57,Signup,54
CAMPAIGN_458,Instagram,2025-04-03,26289,157,321,6706.77,17668.72,46.39,20,B,new phones,Backpack,-0.3,Email,f54d5955-c75b-4b48-98f7-f8911cf3d785,41.39,Checkout,117
CAMPAIGN_459,Google Ads,2025-06-09,2062,221,882,203.23,13484.67,58.64,50,B,latest gadgets,Backpack,-0.25,Email,138e5518-2bba-4f58-9fe2-70c58ea467b3,41.71,Checkout,228
CAMPAIGN_460,Email,2025-07-16,30926,1508,1092,2628.59,5311.83,76.33,30,None,new phones,Phone,0.24,Referral,353ca8cd-64da-4726-af64-b2a258b11a52,40.93,Purchase,452
CAMPAIGN_461,Facebook,2024-11-23,7229,151,933,2681.06,13557.24,23.22,30,None,buy shoes,Backpack,0.44,Referral,77bef438-ac57-4c17-aa03-c67e3e66c35d,16.12,Purchase,324
CAMPAIGN_462,LinkedIn,2024-10-28,48915,2963,764,785.62,6075.21,76.57,0,A,best deals,Headphones,-0.78,Social Media,70aa630b-abbe-4593-ae49-9f31af01d389,119.62,Signup,186
CAMPAIGN_463,Google Ads,2024-12-17,5632,2621,44,9602.28,14424.9,32.45,20,None,new phones,Shoes,-0.93,Direct,7d3e0808-17d1-4a42-9eab-c9de27d89b0b,168.87,Landing,237
CAMPAIGN_464,Facebook,2025-04-28,40056,2372,454,4834.73,19089.86,56.03,50,None,latest gadgets,Phone,0.99,Direct,50c64074-adde-4fdd-9f0d-572856a8c4ca,8.41,Checkout,276
CAMPAIGN_465,Instagram,2024-08-07,4596,1686,102,8968.56,14483.59,76.58,50,None,new phones,Backpack,-0.53,Direct,723cc179-c009-4883-878b-6d927e371924,14.56,Landing,388
CAMPAIGN_466,Instagram,2024-10-29,45243,2914,1240,3289.93,17285.03,37.77,10,A,discount laptops,Backpack,-0.89,Search Engine,9f26074f-ef6f-4f59-96a8-86036465f8a2,116.69,Signup,498
CAMPAIGN_467,Facebook,2024-08-16,7168,1090,362,1339.81,241.66,37.21,0,None,new phones,Headphones,-0.62,Email,51b296d1-0ec1-498a-b07a-ee0646204312,164.8,Signup,299
CAMPAIGN_468,Instagram,2025-05-24,43563,379,912,4795.93,14407.93,48.19,0,None,buy shoes,Charger,-0.92,Referral,3adc7803-c21a-4072-9c72-82591977485a,68.71,Purchase,366
CAMPAIGN_469,Email,2024-12-29,8561,1570,1365,1228.17,16625.83,82.62,50,A,best deals,Charger,-0.22,Direct,7152923d-8dbe-4633-9238-5c042738c0f9,73.17,Checkout,213
CAMPAIGN_470,Email,2025-04-10,9258,61,871,4911.55,1003.06,20.03,50,None,best deals,Backpack,0.6,Social Media,4b4a369c-5167-4e3e-80ab-e5b1d214f9a6,121.29,Add to Cart,222
CAMPAIGN_471,Facebook,2025-04-27,17616,1391,168,9210.94,17457.64,83.1,40,None,buy shoes,Shoes,-0.32,Direct,e6740eea-df30-4bc0-b536-ba6ad5ea95f5,58.47,Signup,561
CAMPAIGN_472,Google Ads,2025-06-23,27734,265,966,5255.6,5282.55,30.77,40,A,discount laptops,Phone,-0.11,Email,f15ef77e-3064-4aea-b605-59b6b41ec27a,10.19,Checkout,332
CAMPAIGN_473,Google Ads,2025-04-09,7371,388,33,6203.35,13372.78,89.31,40,B,buy shoes,Backpack,0.35,Email,7b2c6249-4f79-41e3-a9b1-c85c37584c43,148.37,Landing,190
CAMPAIGN_474,Facebook,2024-10-07,27069,1849,413,1650.72,16047.03,86.84,0,A,new phones,Laptop,0.02,Referral,7f3ffcd9-6d2a-41e7-8b42-511248f945e9,127.0,Purchase,508
CAMPAIGN_475,Google Ads,2024-09-26,15369,2758,814,532.98,13320.76,54.63,10,None,buy shoes,Phone,0.72,Search Engine,1ffd6c65-2138-4392-ad86-5825d2570905,118.25,Landing,329
CAMPAIGN_476,Google Ads,2025-04-12,13910,1800,525,1197.0,2027.24,55.89,30,None,buy shoes,Charger,0.73,Referral,b928fc44-0921-4f6e-a2ff-64fcd9cfaaa2,149.63,Signup,92
CAMPAIGN_477,Email,2025-01-21,8943,1558,741,6025.46,12007.17,53.71,40,None,discount laptops,Backpack,-0.98,Direct,250910ea-7c3f-4c39-b022-6034d9442fb4,136.67,Signup,312
CAMPAIGN_478,Google Ads,2024-12-08,13199,2471,1397,1040.62,11081.76,64.48,10,A,new phones,Headphones,0.56,Social Media,5b1a95b8-1ab7-4f47-97bb-b6070191665f,45.15,Landing,271
CAMPAIGN_479,Twitter,2025-07-16,16728,759,1415,3822.33,18026.36,26.35,20,None,latest gadgets,Laptop,-0.08,Referral,93a9b746-d04f-4a77-bce6-8bd7f7f56328,73.73,Signup,209
CAMPAIGN_480,LinkedIn,2024-08-09,24275,1273,541,5545.91,8203.95,22.28,40,None,latest gadgets,Backpack,0.98,Search Engine,09b1599e-be08-49b9-9f92-8c36bf6de24a,29.59,Checkout,249
CAMPAIGN_481,Instagram,2025-06-23,7738,2563,965,3947.66,6557.41,24.04,30,A,best deals,Shoes,-0.03,Referral,2c81ad22-84fe-4cda-9f5b-8ec4b1d478ee,30.32,Signup,304
CAMPAIGN_482,Twitter,2025-04-17,16913,1162,161,1720.47,15047.05,51.11,20,B,buy shoes,Laptop,0.97,Email,c33c5ee4-40d4-43cf-bd5d-7f94e990ec72,136.86,Purchase,521
CAMPAIGN_483,Google Ads,2025-04-15,36240,1341,956,2810.53,8370.97,39.29,20,B,best deals,Backpack,0.51,Direct,090af332-88d5-4985-916e-ccd8e5f06814,172.43,Checkout,405
CAMPAIGN_484,Email,2025-03-29,20123,538,617,9290.34,12992.7,63.54,30,None,discount laptops,Shoes,-0.5,Direct,6800b359-d003-4f46-8808-04ce2ca48373,192.73,Add to Cart,147
CAMPAIGN_485,Facebook,2025-02-27,49447,1611,429,6792.22,12999.71,89.47,40,A,latest gadgets,Laptop,0.08,Direct,f5f1e685-cf2c-4ee2-b7af-d3fe9ff6ec96,127.53,Signup,138
CAMPAIGN_486,Google Ads,2024-09-26,35529,96,1283,5010.87,17783.17,47.04,0,None,buy shoes,Shoes,0.98,Direct,0b3d1613-78d8-4120-9630-668ccac455b3,40.9,Signup,58
CAMPAIGN_487,Email,2024-12-05,11167,827,1150,225.88,12054.11,60.17,30,A,discount laptops,Shoes,0.72,Direct,77c9aeaa-9e7d-46d3-add9-9ba78b5fe20e,25.6,Purchase,302
CAMPAIGN_488,LinkedIn,2024-12-10,11554,1089,875,9924.91,10142.64,49.09,30,A,discount laptops,Laptop,-0.81,Direct,b47596dd-20bd-4c4e-ba20-62d53022f556,163.51,Purchase,545
CAMPAIGN_489,Google Ads,2025-05-21,18260,760,587,6747.4,2949.65,79.31,30,B,buy shoes,Laptop,0.41,Social Media,fd5d20be-c11f-4085-95c0-87d1af458c3c,117.86,Landing,320
CAMPAIGN_490,Facebook,2024-09-29,48045,450,344,3237.53,2491.6,83.16,20,B,discount laptops,Shoes,-0.31,Search Engine,11c347e6-1402-4590-ae24-743ce8855973,125.57,Landing,546
CAMPAIGN_491,Email,2025-06-12,4812,1867,1451,8804.76,3255.57,81.41,10,A,buy shoes,Charger,-0.99,Direct,8df13af4-1e09-4d1d-8bd7-dda558292c3f,157.39,Landing,243
CAMPAIGN_492,Email,2024-08-14,29024,299,941,2658.47,3602.6,88.21,0,None,buy shoes,Laptop,-0.19,Search Engine,56475618-fd27-46e4-8d2e-a5b8c2334f2f,142.14,Purchase,218
CAMPAIGN_493,Email,2025-05-13,28285,440,304,5485.76,12829.97,21.93,40,B,new phones,Backpack,-0.53,Direct,b93cec13-3db4-448f-9c70-466e25a63390,167.72,Landing,103
CAMPAIGN_494,LinkedIn,2025-03-22,27900,384,764,6397.1,14871.43,78.79,40,None,best deals,Phone,0.64,Referral,2dee7823-ea47-4474-be00-98f96f246cc7,15.96,Landing,336
CAMPAIGN_495,Google Ads,2024-09-05,2605,678,1404,2288.53,10693.83,72.62,10,B,discount laptops,Headphones,-0.33,Direct,f7ba1718-9aea-415b-b58d-f6b84a9cc010,150.77,Add to Cart,234
CAMPAIGN_496,LinkedIn,2025-07-15,6622,186,195,9786.13,16614.55,36.01,30,B,discount laptops,Shoes,0.66,Email,9da93255-bb88-4512-ad44-9f166fab76b5,170.92,Landing,20
CAMPAIGN_497,Instagram,2025-05-21,7767,2980,1279,7507.1,19827.01,86.94,0,None,new phones,Shoes,-1.0,Social Media,8afbf5b1-a199-40d5-b5db-06a1c542419a,60.8,Signup,338
CAMPAIGN_498,Instagram,2024-10-08,28139,2785,646,5622.35,16436.25,30.37,40,B,new phones,Headphones,-0.38,Referral,e3bf6c67-5ba5-458a-99c6-b338ad7f9602,129.89,Purchase,21
CAMPAIGN_499,Google Ads,2024-10-31,12613,1571,1301,1887.89,13958.67,67.57,50,B,new phones,Charger,-0.52,Referral,7f5fa496-f590-4834-8031-eb05260c5bae,66.26,Checkout,44
CAMPAIGN_500,LinkedIn,2025-01-28,11589,876,1270,633.2,10743.36,35.74,40,None,latest gadgets,Headphones,-0.53,Email,feb9da60-5f91-4cb4-874f-7e16428f00ff,191.8,Add to Cart,456
